user_id,signup_date,acquisition_channel,acquisition_cost,country,device_type,signup_quality_score
U00001,2026-02-23,Referral,4.3,USA,Desktop,0.305
U00002,2026-05-19,Paid Search,27.12,Canada,Mobile,0.768
U00003,2025-06-05,Email,5.93,USA,Desktop,0.129
U00004,2026-04-16,Organic Search,0.0,USA,Desktop,0.708
U00005,2025-12-27,Organic Search,0.0,USA,Mobile,0.178
U00006,2026-03-09,Paid Social,38.58,USA,Desktop,0.408
U00007,2025-06-03,Content/SEO,0.0,USA,Mobile,0.504
U00008,2025-06-19,Referral,8.09,India,Desktop,0.576
U00009,2026-06-03,Affiliate,31.0,India,Desktop,0.345
U00010,2025-07-25,Organic Search,0.0,Australia,Desktop,0.265
U00011,2025-01-05,Content/SEO,0.0,Canada,Desktop,0.447
U00012,2025-09-22,Affiliate,11.92,India,Desktop,0.235
U00013,2025-10-28,Email,3.35,UK,Mobile,0.297
U00014,2025-12-10,Referral,0.75,Germany,Desktop,0.253
U00015,2026-04-18,Paid Search,56.06,USA,Desktop,0.075
U00016,2025-04-20,Paid Search,32.11,USA,Desktop,0.39
U00017,2026-04-08,Referral,7.32,India,Desktop,0.813
U00018,2025-10-21,Organic Search,0.0,USA,Mobile,0.114
U00019,2025-03-17,Referral,2.65,UK,Desktop,0.377
U00020,2025-08-28,Content/SEO,0.0,USA,Desktop,0.89
U00021,2026-01-23,Affiliate,32.17,UK,Desktop,0.555
U00022,2026-03-27,Referral,2.08,Australia,Mobile,0.413
U00023,2026-06-20,Paid Search,37.19,USA,Desktop,0.33
U00024,2025-09-25,Paid Search,31.03,USA,Tablet,0.856
U00025,2026-04-01,Email,4.48,India,Mobile,0.475
U00026,2026-06-15,Paid Search,21.74,Brazil,Desktop,0.281
U00027,2026-05-07,Paid Search,55.73,USA,Desktop,0.403
U00028,2025-10-07,Paid Search,44.77,UK,Mobile,0.394
U00029,2026-02-28,Paid Search,28.78,USA,Tablet,0.474
U00030,2026-06-03,Paid Social,36.16,USA,Desktop,0.503
U00031,2025-10-12,Organic Search,0.0,UK,Mobile,0.602
U00032,2025-03-24,Paid Social,31.81,USA,Desktop,0.233
U00033,2025-07-26,Affiliate,30.32,UK,Tablet,0.453
U00034,2025-04-28,Email,0.41,USA,Mobile,0.195
U00035,2025-02-13,Referral,0.69,UK,Desktop,0.336
U00036,2025-11-06,Referral,0.0,USA,Desktop,0.332
U00037,2025-02-14,Paid Social,20.53,UAE,Mobile,0.61
U00038,2025-11-13,Paid Search,40.43,India,Desktop,0.624
U00039,2025-09-28,Email,3.23,Brazil,Desktop,0.157
U00040,2026-05-30,Referral,5.04,UK,Desktop,0.447
U00041,2025-09-14,Content/SEO,0.0,UK,Mobile,0.494
U00042,2026-02-04,Paid Social,37.5,USA,Desktop,0.257
U00043,2025-07-17,Organic Search,0.0,Brazil,Mobile,0.318
U00044,2025-09-13,Email,5.31,India,Desktop,0.404
U00045,2025-07-23,Email,2.68,UAE,Desktop,0.329
U00046,2026-01-12,Paid Social,10.65,USA,Mobile,0.207
U00047,2025-12-10,Content/SEO,0.0,USA,Desktop,0.231
U00048,2025-03-03,Paid Social,18.3,USA,Mobile,0.593
U00049,2025-02-14,Paid Social,36.9,USA,Desktop,0.463
U00050,2025-05-10,Content/SEO,0.0,USA,Desktop,0.225
U00051,2025-12-06,Affiliate,15.5,Germany,Desktop,0.723
U00052,2026-05-20,Paid Social,24.35,USA,Desktop,0.615
U00053,2025-12-07,Paid Search,44.68,UK,Desktop,0.672
U00054,2026-07-08,Paid Search,56.67,USA,Mobile,0.25
U00055,2026-07-29,Paid Search,34.17,Brazil,Mobile,0.329
U00056,2025-12-08,Organic Search,0.0,USA,Mobile,0.147
U00057,2026-06-07,Organic Search,0.0,USA,Mobile,0.307
U00058,2025-05-30,Referral,4.69,India,Mobile,0.506
U00059,2026-01-23,Content/SEO,0.0,USA,Desktop,0.425
U00060,2026-06-07,Paid Social,44.4,India,Desktop,0.69
U00061,2025-07-10,Content/SEO,0.0,Germany,Tablet,0.363
U00062,2025-10-26,Organic Search,0.0,India,Desktop,0.306
U00063,2025-08-06,Email,2.12,USA,Desktop,0.759
U00064,2026-02-16,Paid Social,34.76,India,Desktop,0.392
U00065,2025-11-15,Paid Search,0.0,Brazil,Desktop,0.542
U00066,2025-11-07,Email,4.51,UK,Desktop,0.447
U00067,2026-06-01,Affiliate,22.8,Australia,Tablet,0.013
U00068,2025-08-10,Affiliate,7.89,Australia,Desktop,0.419
U00069,2025-06-14,Paid Social,19.32,USA,Desktop,0.659
U00070,2025-09-22,Organic Search,0.0,India,Tablet,0.263
U00071,2025-10-03,Paid Search,28.82,Canada,Desktop,0.372
U00072,2026-02-26,Paid Social,43.61,UAE,Tablet,0.097
U00073,2026-02-18,Paid Social,30.83,Germany,Desktop,0.494
U00074,2025-12-07,Paid Search,53.71,UAE,Desktop,0.382
U00075,2026-06-05,Paid Social,33.75,Canada,Desktop,0.285
U00076,2025-06-14,Referral,7.92,India,Mobile,0.243
U00077,2025-01-24,Organic Search,0.0,UAE,Desktop,0.628
U00078,2025-09-17,Organic Search,0.0,UK,Mobile,0.193
U00079,2026-06-06,Paid Search,20.16,USA,Mobile,0.139
U00080,2025-09-25,Paid Search,26.26,UK,Desktop,0.465
U00081,2026-02-07,Paid Social,24.88,UK,Desktop,0.126
U00082,2025-03-06,Affiliate,1.55,USA,Mobile,0.124
U00083,2025-11-20,Paid Search,32.83,India,Mobile,0.861
U00084,2026-07-10,Paid Search,38.06,India,Mobile,0.213
U00085,2025-10-17,Organic Search,0.0,India,Tablet,0.696
U00086,2025-07-24,Affiliate,17.6,USA,Desktop,0.286
U00087,2026-04-12,Paid Search,20.94,Brazil,Mobile,0.659
U00088,2025-05-28,Email,0.0,India,Desktop,0.329
U00089,2025-01-16,Email,2.94,Germany,Desktop,0.325
U00090,2025-03-20,Affiliate,20.18,Germany,Desktop,0.731
U00091,2026-04-11,Content/SEO,0.0,USA,Mobile,0.28
U00092,2026-05-08,Affiliate,28.07,USA,Desktop,0.266
U00093,2026-04-20,Organic Search,0.0,UK,Desktop,0.421
U00094,2025-12-27,Referral,7.1,Germany,Desktop,0.747
U00095,2025-02-09,Referral,5.54,USA,Desktop,0.418
U00096,2026-03-08,Email,4.95,Australia,Desktop,0.051
U00097,2025-06-23,Paid Social,37.8,USA,Desktop,0.378
U00098,2025-12-05,Content/SEO,0.0,UK,Desktop,0.607
U00099,2026-03-28,Content/SEO,0.0,UK,Desktop,0.375
U00100,2025-12-13,Organic Search,0.0,USA,Mobile,0.197
U00101,2025-03-24,Email,3.39,UK,Mobile,0.492
U00102,2026-02-19,Referral,8.67,USA,Desktop,0.099
U00103,2026-01-06,Paid Search,56.8,Brazil,Mobile,0.156
U00104,2026-01-29,Email,0.0,Brazil,Desktop,0.105
U00105,2025-09-19,Paid Search,37.5,USA,Mobile,0.74
U00106,2025-10-04,Email,1.75,India,Mobile,0.698
U00107,2025-07-04,Organic Search,0.0,Brazil,Mobile,0.402
U00108,2025-11-20,Affiliate,22.86,Australia,Mobile,0.587
U00109,2025-08-29,Organic Search,0.0,Canada,Desktop,0.153
U00110,2025-12-10,Affiliate,15.11,Australia,Mobile,0.813
U00111,2025-10-04,Content/SEO,0.0,USA,Mobile,0.389
U00112,2026-05-19,Organic Search,0.0,Brazil,Mobile,0.529
U00113,2025-06-19,Paid Search,41.01,Australia,Desktop,0.412
U00114,2025-06-28,Paid Search,38.74,Canada,Desktop,0.473
U00115,2025-04-19,Organic Search,0.0,USA,Desktop,0.515
U00116,2026-03-13,Email,3.26,UAE,Desktop,0.239
U00117,2026-04-29,Referral,0.66,India,Tablet,0.034
U00118,2025-11-07,Paid Social,43.73,Brazil,Desktop,0.514
U00119,2025-10-13,Affiliate,23.52,USA,Tablet,0.433
U00120,2026-02-10,Paid Search,45.62,USA,Desktop,0.419
U00121,2026-03-21,Content/SEO,0.0,India,Desktop,0.618
U00122,2026-04-24,Paid Social,19.83,India,Desktop,0.173
U00123,2026-03-10,Paid Search,50.35,Germany,Desktop,0.309
U00124,2025-12-07,Affiliate,8.42,UK,Mobile,0.265
U00125,2025-07-31,Content/SEO,0.0,Germany,Desktop,0.468
U00126,2026-01-04,Organic Search,0.0,Germany,Desktop,0.567
U00127,2026-04-03,Paid Search,26.31,Australia,Mobile,0.391
U00128,2025-06-18,Paid Search,37.97,India,Desktop,0.258
U00129,2026-05-18,Paid Social,34.77,USA,Desktop,0.639
U00130,2025-04-23,Paid Social,30.69,UAE,Mobile,0.578
U00131,2026-07-29,Email,1.85,UK,Desktop,0.439
U00132,2026-01-01,Paid Social,27.69,USA,Desktop,0.604
U00133,2026-07-03,Paid Social,31.83,UK,Mobile,0.089
U00134,2025-09-29,Paid Social,28.92,India,Desktop,0.18
U00135,2026-06-17,Paid Social,34.25,Brazil,Mobile,0.143
U00136,2026-02-22,Organic Search,0.0,USA,Desktop,0.377
U00137,2026-03-08,Referral,7.75,India,Mobile,0.813
U00138,2026-07-19,Content/SEO,0.0,Germany,Desktop,0.457
U00139,2025-06-30,Organic Search,0.0,USA,Desktop,0.221
U00140,2026-06-14,Paid Social,28.81,Australia,Desktop,0.409
U00141,2026-07-13,Paid Social,27.23,UK,Desktop,0.395
U00142,2026-07-28,Referral,2.2,India,Desktop,0.392
U00143,2025-11-04,Referral,1.71,USA,Mobile,0.22
U00144,2026-07-17,Content/SEO,0.0,USA,Desktop,0.171
U00145,2026-04-16,Organic Search,0.0,UAE,Desktop,0.751
U00146,2025-01-22,Organic Search,0.0,USA,Mobile,0.551
U00147,2026-02-21,Paid Social,34.64,Australia,Mobile,0.106
U00148,2025-07-15,Affiliate,10.1,UK,Tablet,0.566
U00149,2025-05-06,Email,3.44,UK,Mobile,0.43
U00150,2026-03-31,Paid Social,34.52,Australia,Desktop,0.282
U00151,2026-04-30,Email,4.49,Canada,Desktop,0.293
U00152,2026-06-18,Paid Search,67.18,USA,Mobile,0.598
U00153,2025-10-09,Content/SEO,0.0,UK,Mobile,0.561
U00154,2025-05-05,Paid Search,51.56,USA,Desktop,0.285
U00155,2026-03-20,Paid Search,35.51,India,Desktop,0.326
U00156,2025-12-27,Organic Search,0.0,USA,Mobile,0.608
U00157,2026-05-03,Content/SEO,0.0,USA,Desktop,0.408
U00158,2025-08-14,Paid Social,24.32,India,Desktop,0.481
U00159,2025-06-06,Paid Social,29.7,Brazil,Desktop,0.223
U00160,2025-11-21,Referral,1.79,Australia,Mobile,0.539
U00161,2025-12-16,Paid Search,72.39,USA,Desktop,0.43
U00162,2025-05-28,Content/SEO,0.0,Australia,Tablet,0.4
U00163,2025-08-06,Paid Social,28.61,Canada,Desktop,0.419
U00164,2026-03-04,Referral,1.06,USA,Desktop,0.477
U00165,2026-01-30,Paid Social,0.0,USA,Desktop,0.646
U00166,2026-03-14,Referral,9.47,India,Desktop,0.336
U00167,2026-04-12,Paid Social,9.59,USA,Mobile,0.915
U00168,2026-07-12,Organic Search,0.0,India,Desktop,0.276
U00169,2026-05-06,Organic Search,0.0,Germany,Desktop,0.031
U00170,2026-01-28,Paid Social,34.95,USA,Desktop,0.026
U00171,2025-06-20,Organic Search,0.0,India,Mobile,0.053
U00172,2025-12-16,Paid Search,52.13,Canada,Mobile,0.132
U00173,2025-03-24,Paid Search,25.91,USA,Desktop,0.328
U00174,2025-06-07,Paid Social,25.25,UAE,Desktop,0.458
U00175,2026-06-23,Referral,2.09,Canada,Mobile,0.35
U00176,2026-04-21,Content/SEO,0.0,UAE,Desktop,0.322
U00177,2026-05-17,Organic Search,0.0,USA,Desktop,0.272
U00178,2025-10-13,Referral,2.44,UK,Desktop,0.626
U00179,2025-03-11,Referral,4.17,Canada,Desktop,0.095
U00180,2026-06-02,Referral,7.67,Canada,Desktop,0.486
U00181,2025-04-19,Content/SEO,0.0,UAE,Desktop,0.155
U00182,2025-11-09,Organic Search,0.0,India,Mobile,0.655
U00183,2026-02-13,Affiliate,7.76,India,Mobile,0.677
U00184,2026-05-18,Organic Search,0.0,Germany,Mobile,0.324
U00185,2025-07-20,Organic Search,0.0,Canada,Mobile,0.248
U00186,2026-06-16,Referral,9.37,USA,Tablet,0.065
U00187,2025-03-05,Content/SEO,0.0,India,Desktop,0.379
U00188,2026-01-11,Paid Search,22.73,India,Desktop,0.252
U00189,2025-06-04,Email,1.31,Australia,Desktop,0.281
U00190,2025-02-26,Affiliate,17.74,UK,Mobile,0.121
U00191,2025-10-09,Content/SEO,0.0,India,Mobile,0.229
U00192,2025-10-26,Affiliate,18.05,USA,Mobile,0.562
U00193,2025-05-24,Paid Social,20.77,India,Desktop,0.411
U00194,2026-03-14,Content/SEO,0.0,USA,Mobile,0.334
U00195,2025-10-25,Email,2.97,USA,Mobile,0.019
U00196,2025-10-08,Paid Search,11.56,India,Desktop,0.465
U00197,2026-02-01,Paid Search,40.22,USA,Mobile,0.364
U00198,2025-07-05,Organic Search,0.0,USA,Mobile,0.474
U00199,2025-09-14,Paid Search,65.15,Brazil,Mobile,0.254
U00200,2025-06-07,Paid Search,25.31,USA,Tablet,0.142
U00201,2025-10-21,Organic Search,0.0,Canada,Desktop,0.485
U00202,2026-02-22,Content/SEO,0.0,Germany,Mobile,0.234
U00203,2025-08-25,Paid Social,42.26,Canada,Desktop,0.47
U00204,2026-05-18,Paid Search,50.45,Germany,Desktop,0.276
U00205,2025-12-24,Referral,4.4,India,Desktop,0.174
U00206,2026-07-05,Paid Social,33.14,Canada,Desktop,0.196
U00207,2026-04-15,Content/SEO,0.0,USA,Desktop,0.18
U00208,2026-04-04,Organic Search,0.0,USA,Desktop,0.213
U00209,2025-06-05,Paid Social,21.22,Canada,Desktop,0.16
U00210,2025-06-25,Organic Search,0.0,India,Mobile,0.447
U00211,2026-03-24,Affiliate,22.01,UK,Desktop,0.249
U00212,2025-12-26,Organic Search,0.0,USA,Desktop,0.764
U00213,2025-12-04,Organic Search,0.0,USA,Desktop,0.345
U00214,2025-03-11,Paid Search,34.05,UAE,Desktop,0.297
U00215,2026-04-18,Referral,7.22,USA,Mobile,0.371
U00216,2025-08-12,Paid Social,20.25,Brazil,Desktop,0.395
U00217,2026-07-21,Paid Social,39.4,India,Desktop,0.552
U00218,2026-01-18,Organic Search,0.0,UAE,Desktop,0.354
U00219,2025-11-27,Email,8.38,India,Desktop,0.594
U00220,2025-07-22,Referral,9.92,USA,Desktop,0.671
U00221,2025-10-16,Referral,5.43,India,Tablet,0.21
U00222,2026-04-26,Organic Search,0.0,Canada,Desktop,0.41
U00223,2025-05-21,Content/SEO,0.0,USA,Desktop,0.658
U00224,2026-03-06,Paid Social,5.5,India,Mobile,0.534
U00225,2025-11-01,Affiliate,0.0,India,Mobile,0.488
U00226,2025-04-02,Referral,6.53,Canada,Tablet,0.628
U00227,2026-03-29,Organic Search,0.0,USA,Mobile,0.646
U00228,2026-06-02,Organic Search,0.0,USA,Desktop,0.502
U00229,2026-07-28,Organic Search,0.0,India,Desktop,0.322
U00230,2026-04-09,Paid Search,9.54,USA,Mobile,0.341
U00231,2025-07-18,Content/SEO,0.0,India,Mobile,0.309
U00232,2026-01-28,Affiliate,13.29,Canada,Mobile,0.408
U00233,2025-05-27,Referral,9.76,Brazil,Desktop,0.698
U00234,2025-12-07,Paid Social,37.36,Germany,Mobile,0.418
U00235,2026-03-16,Email,0.0,USA,Desktop,0.598
U00236,2026-03-21,Paid Search,34.78,Canada,Desktop,0.312
U00237,2025-08-24,Paid Search,7.94,USA,Mobile,0.239
U00238,2025-11-14,Referral,6.34,UAE,Desktop,0.822
U00239,2026-03-31,Paid Social,15.24,USA,Desktop,0.244
U00240,2026-07-21,Paid Social,36.97,India,Desktop,0.541
U00241,2025-09-18,Organic Search,0.0,UAE,Mobile,0.517
U00242,2025-12-03,Referral,10.31,UAE,Tablet,0.502
U00243,2026-04-04,Referral,6.13,USA,Desktop,0.344
U00244,2026-01-07,Content/SEO,0.0,India,Mobile,0.082
U00245,2025-06-13,Email,2.33,USA,Desktop,0.469
U00246,2025-06-27,Referral,6.78,India,Desktop,0.713
U00247,2026-02-21,Paid Search,21.58,India,Mobile,0.17
U00248,2025-11-04,Email,4.03,India,Mobile,0.557
U00249,2025-12-16,Paid Search,22.7,UAE,Mobile,0.489
U00250,2026-07-22,Paid Social,30.56,India,Desktop,0.619
U00251,2026-03-14,Paid Search,48.09,UAE,Desktop,0.187
U00252,2025-08-20,Paid Social,13.13,UAE,Mobile,0.057
U00253,2025-08-04,Paid Social,20.21,India,Desktop,0.313
U00254,2025-04-08,Paid Search,76.39,Canada,Mobile,0.167
U00255,2026-05-22,Content/SEO,0.0,USA,Desktop,0.267
U00256,2025-04-15,Affiliate,27.29,India,Mobile,0.263
U00257,2025-11-10,Organic Search,0.0,UAE,Desktop,0.82
U00258,2025-07-21,Paid Search,53.54,USA,Desktop,0.118
U00259,2025-09-22,Paid Social,0.0,USA,Tablet,0.475
U00260,2025-08-17,Email,5.9,India,Desktop,0.254
U00261,2025-09-13,Email,1.52,India,Mobile,0.444
U00262,2026-06-19,Paid Social,35.66,USA,Mobile,0.445
U00263,2025-03-16,Affiliate,4.75,USA,Desktop,0.203
U00264,2025-02-12,Paid Search,46.77,Brazil,Desktop,0.486
U00265,2026-06-03,Email,2.52,Australia,Desktop,0.405
U00266,2026-04-07,Content/SEO,0.0,India,Mobile,0.369
U00267,2026-07-12,Paid Social,18.06,Australia,Desktop,0.36
U00268,2025-09-10,Paid Search,43.06,UK,Tablet,0.613
U00269,2025-04-30,Paid Social,34.69,USA,Desktop,0.502
U00270,2025-04-01,Paid Search,31.06,UK,Desktop,0.1
U00271,2026-04-28,Paid Social,53.07,India,Desktop,0.315
U00272,2025-08-27,Referral,11.56,UK,Desktop,0.189
U00273,2026-01-16,Content/SEO,0.0,USA,Mobile,0.757
U00274,2026-01-07,Content/SEO,0.0,Australia,Desktop,0.217
U00275,2025-05-26,Referral,4.43,Australia,Tablet,0.452
U00276,2025-06-11,Paid Social,35.42,USA,Desktop,0.562
U00277,2026-04-15,Referral,5.8,Australia,Mobile,0.457
U00278,2026-04-29,Paid Social,8.76,UK,Desktop,0.047
U00279,2025-01-26,Content/SEO,0.0,India,Mobile,0.548
U00280,2025-07-17,Organic Search,0.0,India,Tablet,0.872
U00281,2026-04-12,Paid Search,32.16,Germany,Mobile,0.599
U00282,2025-04-28,Email,0.0,Australia,Mobile,0.497
U00283,2026-06-17,Paid Search,41.34,India,Mobile,0.076
U00284,2026-03-29,Content/SEO,0.0,Brazil,Desktop,0.256
U00285,2026-01-23,Organic Search,0.0,UK,Mobile,0.693
U00286,2025-06-14,Affiliate,15.36,Canada,Desktop,0.286
U00287,2025-01-22,Organic Search,0.0,UK,Mobile,0.374
U00288,2026-07-09,Paid Social,37.52,Germany,Mobile,0.282
U00289,2026-03-11,Organic Search,0.0,Canada,Desktop,0.159
U00290,2025-12-28,Paid Search,26.63,USA,Desktop,0.113
U00291,2026-08-05,Referral,4.78,Canada,Desktop,0.388
U00292,2025-06-06,Organic Search,0.0,Brazil,Desktop,0.466
U00293,2026-01-01,Paid Search,2.7,Brazil,Desktop,0.742
U00294,2025-11-03,Paid Social,37.27,USA,Desktop,0.548
U00295,2025-10-01,Organic Search,0.0,Australia,Mobile,0.395
U00296,2025-04-12,Referral,3.39,USA,Desktop,0.126
U00297,2025-06-08,Paid Search,52.2,UK,Mobile,0.546
U00298,2026-01-15,Paid Social,28.39,USA,Mobile,0.127
U00299,2026-04-02,Organic Search,0.0,India,Desktop,0.304
U00300,2025-11-12,Paid Search,40.94,UK,Desktop,0.32
U00301,2025-03-20,Affiliate,28.11,USA,Tablet,0.411
U00302,2026-04-07,Referral,5.83,USA,Desktop,0.403
U00303,2025-03-15,Referral,8.37,Canada,Desktop,0.461
U00304,2026-07-04,Referral,3.68,India,Mobile,0.476
U00305,2025-08-26,Paid Search,23.24,Canada,Desktop,0.124
U00306,2025-09-04,Paid Search,41.79,UK,Mobile,0.303
U00307,2025-11-22,Referral,7.05,Canada,Mobile,0.659
U00308,2025-08-25,Email,4.28,UK,Mobile,0.105
U00309,2025-11-26,Referral,7.58,India,Desktop,0.257
U00310,2026-03-05,Referral,2.9,Canada,Desktop,0.21
U00311,2026-03-07,Paid Search,25.82,Canada,Desktop,0.7
U00312,2026-05-11,Organic Search,0.0,UK,Tablet,0.367
U00313,2026-08-03,Paid Social,33.01,Brazil,Mobile,0.469
U00314,2025-12-16,Paid Search,21.1,Australia,Desktop,0.138
U00315,2025-06-09,Content/SEO,0.0,Canada,Desktop,0.28
U00316,2026-07-05,Organic Search,0.0,UAE,Desktop,0.451
U00317,2025-10-23,Affiliate,33.42,Australia,Mobile,0.066
U00318,2025-12-27,Affiliate,29.24,UAE,Mobile,0.584
U00319,2026-05-12,Paid Search,33.02,Canada,Desktop,0.463
U00320,2025-04-04,Paid Social,14.66,India,Mobile,0.125
U00321,2026-03-22,Referral,0.0,UK,Mobile,0.58
U00322,2026-03-24,Affiliate,19.36,USA,Desktop,0.228
U00323,2026-03-25,Organic Search,0.0,Brazil,Desktop,0.192
U00324,2025-10-29,Email,2.63,USA,Desktop,0.183
U00325,2026-01-26,Email,0.72,Brazil,Desktop,0.254
U00326,2026-03-02,Paid Social,14.27,USA,Tablet,0.235
U00327,2026-01-17,Paid Search,41.95,India,Desktop,0.299
U00328,2026-01-24,Email,1.02,USA,Desktop,0.718
U00329,2025-08-18,Referral,7.71,Canada,Tablet,0.502
U00330,2026-01-18,Paid Social,29.18,Canada,Desktop,0.577
U00331,2025-06-05,Paid Social,11.59,USA,Desktop,0.484
U00332,2025-03-20,Paid Social,24.01,UAE,Desktop,0.458
U00333,2025-12-30,Paid Search,45.98,India,Tablet,0.226
U00334,2026-06-13,Email,2.81,USA,Mobile,0.297
U00335,2025-07-09,Paid Social,12.25,UAE,Desktop,0.514
U00336,2025-08-18,Paid Search,59.51,USA,Desktop,0.17
U00337,2026-07-06,Email,3.74,India,Mobile,0.031
U00338,2026-02-19,Referral,3.04,UK,Desktop,0.098
U00339,2026-05-11,Content/SEO,0.0,USA,Desktop,0.311
U00340,2026-05-27,Referral,3.99,USA,Mobile,0.373
U00341,2026-06-29,Organic Search,0.0,USA,Mobile,0.925
U00342,2026-07-23,Paid Search,51.69,USA,Mobile,0.441
U00343,2025-04-21,Organic Search,0.0,Australia,Desktop,0.627
U00344,2025-09-23,Organic Search,0.0,USA,Desktop,0.315
U00345,2026-03-16,Referral,4.47,USA,Desktop,0.327
U00346,2026-04-02,Content/SEO,0.0,USA,Desktop,0.134
U00347,2025-08-20,Organic Search,0.0,USA,Mobile,0.78
U00348,2025-10-18,Paid Social,15.24,Canada,Desktop,0.617
U00349,2026-04-10,Content/SEO,0.0,India,Desktop,0.464
U00350,2026-02-20,Paid Social,32.73,UAE,Desktop,0.154
U00351,2026-06-05,Content/SEO,0.0,Australia,Desktop,0.604
U00352,2026-05-17,Paid Social,50.85,UAE,Desktop,0.81
U00353,2026-06-01,Paid Social,32.83,India,Mobile,0.401
U00354,2025-06-14,Paid Social,14.74,Brazil,Desktop,0.51
U00355,2026-02-17,Organic Search,0.0,UK,Desktop,0.58
U00356,2025-07-27,Paid Search,40.63,UK,Desktop,0.218
U00357,2026-04-24,Paid Search,20.95,UAE,Desktop,0.27
U00358,2026-03-16,Paid Social,13.43,UK,Desktop,0.16
U00359,2025-10-19,Content/SEO,0.0,Australia,Mobile,0.964
U00360,2026-05-05,Content/SEO,0.0,Canada,Desktop,0.39
U00361,2026-03-18,Paid Social,14.44,USA,Desktop,0.706
U00362,2026-06-23,Paid Social,20.32,India,Desktop,0.341
U00363,2026-04-27,Paid Social,27.23,Germany,Desktop,0.445
U00364,2025-03-15,Organic Search,0.0,Brazil,Desktop,0.37
U00365,2025-11-17,Email,0.82,USA,Desktop,0.389
U00366,2025-07-24,Content/SEO,0.0,Australia,Desktop,0.307
U00367,2025-06-11,Referral,0.0,UK,Desktop,0.742
U00368,2026-02-17,Organic Search,0.0,India,Mobile,0.682
U00369,2025-08-15,Content/SEO,0.0,Australia,Mobile,0.362
U00370,2025-06-23,Affiliate,27.8,UK,Desktop,0.068
U00371,2025-10-10,Referral,5.6,USA,Mobile,0.568
U00372,2025-11-26,Paid Search,19.58,USA,Mobile,0.205
U00373,2026-06-04,Paid Search,36.16,Canada,Desktop,0.498
U00374,2026-01-14,Content/SEO,0.0,Australia,Tablet,0.577
U00375,2025-12-26,Content/SEO,0.0,UK,Mobile,0.313
U00376,2025-10-12,Organic Search,0.0,Brazil,Mobile,0.299
U00377,2025-10-07,Paid Search,1.46,USA,Mobile,0.357
U00378,2025-02-02,Paid Search,35.88,India,Desktop,0.485
U00379,2025-08-07,Email,3.97,UK,Desktop,0.841
U00380,2025-08-31,Organic Search,0.0,UK,Desktop,0.455
U00381,2025-08-26,Content/SEO,0.0,USA,Desktop,0.494
U00382,2025-03-29,Paid Search,38.38,India,Mobile,0.318
U00383,2025-04-13,Content/SEO,0.0,UK,Desktop,0.273
U00384,2026-01-15,Organic Search,0.0,USA,Desktop,0.14
U00385,2025-11-26,Referral,9.52,USA,Mobile,0.163
U00386,2026-05-10,Paid Social,38.27,India,Desktop,0.45
U00387,2026-06-16,Content/SEO,0.0,USA,Desktop,0.023
U00388,2026-05-31,Paid Search,22.39,Germany,Desktop,0.226
U00389,2026-03-12,Referral,3.93,USA,Desktop,0.288
U00390,2025-11-07,Referral,2.97,USA,Desktop,0.36
U00391,2026-06-22,Organic Search,0.0,USA,Desktop,0.862
U00392,2025-11-27,Paid Search,33.34,USA,Mobile,0.161
U00393,2026-07-12,Organic Search,0.0,India,Mobile,0.232
U00394,2025-07-09,Paid Social,25.96,Australia,Mobile,0.449
U00395,2026-02-03,Organic Search,0.0,Australia,Desktop,0.104
U00396,2025-11-26,Organic Search,0.0,Brazil,Mobile,0.476
U00397,2025-08-18,Referral,1.41,UK,Mobile,0.451
U00398,2026-04-26,Paid Social,6.09,USA,Desktop,0.37
U00399,2025-08-21,Paid Search,38.33,Australia,Desktop,0.501
U00400,2025-11-15,Email,4.79,Brazil,Desktop,0.448
U00401,2025-06-04,Email,0.9,USA,Desktop,0.647
U00402,2025-10-15,Paid Social,31.91,India,Desktop,0.131
U00403,2026-07-24,Paid Search,18.94,India,Desktop,0.748
U00404,2025-03-18,Paid Social,51.41,USA,Desktop,0.06
U00405,2026-05-05,Email,4.21,India,Mobile,0.29
U00406,2026-01-16,Content/SEO,0.0,Australia,Desktop,0.104
U00407,2025-10-11,Organic Search,0.0,USA,Desktop,0.496
U00408,2026-06-22,Content/SEO,0.0,Germany,Desktop,0.186
U00409,2026-02-23,Content/SEO,0.0,India,Mobile,0.133
U00410,2025-09-20,Content/SEO,0.0,India,Mobile,0.525
U00411,2025-11-01,Referral,8.43,UK,Mobile,0.603
U00412,2025-11-25,Email,6.52,UK,Desktop,0.456
U00413,2025-04-21,Organic Search,0.0,India,Desktop,0.128
U00414,2025-05-04,Paid Search,69.18,USA,Desktop,0.501
U00415,2025-04-10,Paid Search,58.85,India,Desktop,0.57
U00416,2026-03-13,Email,2.25,USA,Mobile,0.528
U00417,2026-05-02,Email,6.18,UK,Desktop,0.59
U00418,2026-02-06,Paid Social,3.22,UK,Mobile,0.578
U00419,2025-08-04,Email,3.36,India,Mobile,0.346
U00420,2026-06-28,Referral,2.5,India,Desktop,0.258
U00421,2025-04-24,Organic Search,0.0,USA,Desktop,0.657
U00422,2026-02-20,Email,2.85,India,Mobile,0.493
U00423,2025-08-02,Paid Social,31.81,USA,Desktop,0.764
U00424,2026-01-19,Paid Social,33.23,India,Desktop,0.023
U00425,2026-04-20,Organic Search,0.0,India,Desktop,0.734
U00426,2026-05-12,Paid Social,37.69,India,Desktop,0.282
U00427,2025-02-02,Content/SEO,0.0,Germany,Desktop,0.32
U00428,2026-02-20,Organic Search,0.0,Germany,Desktop,0.701
U00429,2026-03-29,Content/SEO,0.0,Germany,Mobile,0.694
U00430,2025-12-28,Email,2.74,India,Desktop,0.326
U00431,2025-08-28,Organic Search,0.0,India,Tablet,0.53
U00432,2026-03-29,Referral,3.54,India,Desktop,0.541
U00433,2026-03-23,Affiliate,7.15,India,Desktop,0.423
U00434,2025-08-05,Content/SEO,0.0,Australia,Mobile,0.082
U00435,2025-10-15,Email,0.21,Canada,Mobile,0.226
U00436,2025-06-17,Paid Social,27.42,Germany,Desktop,0.175
U00437,2026-07-05,Paid Search,26.04,India,Desktop,0.347
U00438,2025-06-30,Organic Search,0.0,UAE,Desktop,0.389
U00439,2025-02-19,Paid Search,59.44,USA,Desktop,0.778
U00440,2026-07-28,Email,8.14,USA,Mobile,0.104
U00441,2025-07-02,Email,5.9,Brazil,Desktop,0.277
U00442,2025-03-28,Paid Search,62.14,Canada,Desktop,0.379
U00443,2025-09-10,Paid Search,36.85,USA,Mobile,0.229
U00444,2025-10-17,Content/SEO,0.0,Australia,Desktop,0.239
U00445,2026-01-18,Paid Social,18.52,India,Mobile,0.391
U00446,2026-07-19,Paid Search,36.07,India,Desktop,0.229
U00447,2025-02-08,Content/SEO,0.0,India,Desktop,0.598
U00448,2026-01-22,Paid Search,37.98,Australia,Desktop,0.13
U00449,2026-02-21,Email,7.1,India,Tablet,0.285
U00450,2025-12-23,Affiliate,21.88,India,Desktop,0.402
U00451,2025-08-31,Paid Search,14.41,UK,Tablet,0.561
U00452,2025-05-08,Content/SEO,0.0,Australia,Desktop,0.13
U00453,2026-07-02,Paid Search,17.65,Germany,Mobile,0.208
U00454,2025-12-12,Paid Social,32.9,USA,Mobile,0.434
U00455,2025-05-10,Email,3.02,USA,Mobile,0.43
U00456,2026-07-11,Paid Search,32.87,Brazil,Desktop,0.388
U00457,2025-06-20,Paid Social,23.59,UAE,Desktop,0.421
U00458,2025-08-26,Paid Social,35.24,India,Desktop,0.346
U00459,2026-06-28,Organic Search,0.0,India,Desktop,0.607
U00460,2026-05-05,Affiliate,10.72,India,Desktop,0.373
U00461,2025-10-10,Affiliate,24.24,Australia,Mobile,0.633
U00462,2025-06-03,Content/SEO,0.0,USA,Desktop,0.53
U00463,2025-04-27,Email,2.24,Germany,Desktop,0.332
U00464,2026-06-04,Content/SEO,0.0,India,Desktop,0.541
U00465,2026-05-29,Organic Search,0.0,USA,Mobile,0.2
U00466,2025-12-26,Paid Social,1.88,Canada,Desktop,0.247
U00467,2026-03-17,Organic Search,0.0,USA,Desktop,0.138
U00468,2025-10-22,Organic Search,0.0,India,Mobile,0.591
U00469,2025-03-18,Paid Social,21.25,USA,Mobile,0.59
U00470,2026-01-03,Referral,0.0,USA,Desktop,0.345
U00471,2026-03-02,Paid Search,30.32,USA,Desktop,0.406
U00472,2026-04-15,Referral,5.54,USA,Desktop,0.629
U00473,2025-07-04,Referral,5.21,USA,Tablet,0.326
U00474,2026-04-07,Organic Search,0.0,UK,Desktop,0.174
U00475,2025-11-09,Affiliate,11.44,UK,Desktop,0.483
U00476,2025-12-21,Paid Social,32.95,UK,Tablet,0.509
U00477,2025-09-09,Paid Search,24.95,USA,Mobile,0.638
U00478,2025-09-17,Paid Search,47.93,Canada,Mobile,0.428
U00479,2025-09-23,Content/SEO,0.0,Canada,Desktop,0.243
U00480,2026-07-13,Organic Search,0.0,UK,Mobile,0.639
U00481,2025-07-24,Organic Search,0.0,Canada,Desktop,0.762
U00482,2025-11-17,Referral,2.83,UK,Mobile,0.431
U00483,2026-04-27,Organic Search,0.0,Canada,Desktop,0.292
U00484,2025-03-27,Paid Search,71.21,USA,Desktop,0.403
U00485,2026-02-15,Organic Search,0.0,Brazil,Desktop,0.135
U00486,2025-08-28,Affiliate,26.93,UK,Desktop,0.336
U00487,2025-10-20,Content/SEO,0.0,USA,Desktop,0.538
U00488,2026-05-21,Content/SEO,0.0,Australia,Desktop,0.823
U00489,2026-04-29,Organic Search,0.0,India,Mobile,0.332
U00490,2025-04-18,Content/SEO,0.0,Brazil,Desktop,0.71
U00491,2026-05-05,Affiliate,1.4,India,Desktop,0.588
U00492,2025-12-04,Affiliate,0.0,India,Mobile,0.59
U00493,2025-09-06,Content/SEO,0.0,USA,Desktop,0.233
U00494,2026-07-28,Email,4.18,UK,Desktop,0.362
U00495,2026-05-10,Organic Search,0.0,Germany,Desktop,0.225
U00496,2026-03-02,Referral,5.26,India,Mobile,0.381
U00497,2025-10-10,Paid Search,4.13,USA,Mobile,0.371
U00498,2025-03-30,Paid Search,23.38,UAE,Desktop,0.757
U00499,2025-08-24,Affiliate,19.7,UAE,Desktop,0.143
U00500,2026-01-20,Referral,6.42,India,Mobile,0.653
U00501,2025-12-16,Referral,5.35,UAE,Desktop,0.27
U00502,2025-12-19,Referral,4.74,Canada,Desktop,0.415
U00503,2026-03-20,Organic Search,0.0,Canada,Desktop,0.305
U00504,2025-03-07,Paid Search,20.55,UK,Desktop,0.18
U00505,2026-06-13,Referral,5.9,UAE,Desktop,0.278
U00506,2026-07-26,Content/SEO,0.0,UK,Desktop,0.314
U00507,2025-05-01,Paid Search,38.75,Germany,Desktop,0.685
U00508,2026-04-14,Organic Search,0.0,Canada,Desktop,0.799
U00509,2026-01-20,Paid Search,4.89,UK,Desktop,0.384
U00510,2025-10-16,Paid Search,36.19,India,Tablet,0.288
U00511,2026-05-25,Paid Search,56.31,Brazil,Desktop,0.397
U00512,2025-11-08,Organic Search,0.0,Australia,Desktop,0.356
U00513,2026-05-21,Email,1.65,India,Desktop,0.092
U00514,2025-05-19,Referral,0.0,Australia,Desktop,0.432
U00515,2026-01-21,Paid Search,37.04,USA,Desktop,0.012
U00516,2026-04-12,Email,3.68,Australia,Mobile,0.364
U00517,2025-07-08,Affiliate,12.34,UK,Mobile,0.259
U00518,2026-02-27,Paid Social,29.01,USA,Desktop,0.076
U00519,2025-11-05,Organic Search,0.0,Canada,Desktop,0.198
U00520,2026-02-25,Paid Social,12.05,India,Mobile,0.426
U00521,2026-03-26,Paid Social,22.25,UK,Desktop,0.675
U00522,2026-05-23,Paid Search,49.05,UAE,Mobile,0.184
U00523,2026-01-11,Paid Social,14.92,Canada,Mobile,0.182
U00524,2026-07-17,Organic Search,0.0,UAE,Mobile,0.422
U00525,2026-03-14,Paid Social,28.3,Germany,Desktop,0.734
U00526,2026-07-23,Email,2.99,Canada,Mobile,0.545
U00527,2025-02-12,Organic Search,0.0,UAE,Desktop,0.399
U00528,2025-02-14,Email,5.73,USA,Desktop,0.203
U00529,2025-08-14,Organic Search,0.0,USA,Desktop,0.389
U00530,2026-04-01,Content/SEO,0.0,India,Tablet,0.157
U00531,2025-09-21,Email,0.0,Australia,Desktop,0.688
U00532,2025-11-20,Referral,1.98,UK,Desktop,0.285
U00533,2025-08-28,Paid Search,49.6,UK,Desktop,0.531
U00534,2025-05-24,Organic Search,0.0,UAE,Desktop,0.225
U00535,2026-04-09,Referral,3.85,Canada,Desktop,0.315
U00536,2025-08-21,Email,4.46,UK,Mobile,0.287
U00537,2025-12-09,Organic Search,0.0,USA,Mobile,0.334
U00538,2025-07-30,Referral,7.81,Germany,Mobile,0.135
U00539,2025-07-18,Paid Social,14.16,UK,Desktop,0.271
U00540,2026-07-28,Referral,5.97,USA,Tablet,0.721
U00541,2026-06-18,Paid Social,28.57,Australia,Mobile,0.197
U00542,2025-08-04,Paid Search,28.85,USA,Desktop,0.396
U00543,2026-05-23,Paid Social,28.39,India,Desktop,0.493
U00544,2026-05-07,Referral,5.24,India,Mobile,0.519
U00545,2025-12-17,Content/SEO,0.0,Australia,Tablet,0.519
U00546,2025-09-26,Organic Search,0.0,India,Desktop,0.44
U00547,2026-03-06,Paid Search,20.54,India,Desktop,0.443
U00548,2025-11-19,Paid Search,26.88,USA,Desktop,0.301
U00549,2026-06-22,Paid Search,0.0,UK,Desktop,0.085
U00550,2025-10-30,Email,5.25,USA,Desktop,0.729
U00551,2025-06-11,Referral,3.55,India,Mobile,0.248
U00552,2026-01-16,Paid Social,31.73,India,Desktop,0.086
U00553,2026-07-30,Paid Search,23.58,USA,Tablet,0.471
U00554,2025-12-26,Paid Social,29.15,UAE,Desktop,0.46
U00555,2025-02-28,Paid Search,62.74,USA,Desktop,0.143
U00556,2026-05-09,Email,0.71,Germany,Desktop,0.42
U00557,2026-01-05,Paid Social,34.17,Australia,Desktop,0.431
U00558,2026-01-17,Email,4.04,Canada,Mobile,0.239
U00559,2025-03-13,Paid Search,26.33,India,Desktop,0.118
U00560,2026-02-22,Organic Search,0.0,UK,Desktop,0.433
U00561,2026-01-08,Paid Social,24.47,Canada,Desktop,0.466
U00562,2026-03-01,Affiliate,14.11,Germany,Desktop,0.116
U00563,2026-05-02,Affiliate,25.42,India,Mobile,0.187
U00564,2025-11-23,Paid Search,34.2,Brazil,Mobile,0.168
U00565,2025-08-23,Organic Search,0.0,India,Desktop,0.749
U00566,2026-02-16,Organic Search,0.0,USA,Desktop,0.71
U00567,2025-02-22,Paid Social,26.62,India,Desktop,0.374
U00568,2026-01-15,Paid Social,27.05,India,Desktop,0.294
U00569,2025-05-07,Organic Search,0.0,UAE,Mobile,0.127
U00570,2026-04-29,Paid Search,22.35,India,Mobile,0.617
U00571,2025-11-07,Paid Social,19.01,Germany,Desktop,0.34
U00572,2026-02-13,Content/SEO,0.0,India,Mobile,0.265
U00573,2025-06-09,Affiliate,15.39,UK,Mobile,0.475
U00574,2026-08-03,Content/SEO,0.0,Germany,Desktop,0.199
U00575,2025-07-14,Paid Social,14.89,UAE,Mobile,0.453
U00576,2025-09-04,Content/SEO,0.0,UK,Mobile,0.221
U00577,2025-02-07,Referral,9.96,USA,Mobile,0.41
U00578,2026-05-16,Referral,2.8,Australia,Desktop,0.202
U00579,2025-03-25,Referral,0.61,USA,Tablet,0.073
U00580,2026-07-19,Organic Search,0.0,USA,Desktop,0.416
U00581,2025-11-19,Organic Search,0.0,Germany,Desktop,0.67
U00582,2025-11-23,Content/SEO,0.0,Brazil,Mobile,0.392
U00583,2026-02-24,Content/SEO,0.0,USA,Desktop,0.648
U00584,2025-10-10,Organic Search,0.0,India,Mobile,0.431
U00585,2026-06-15,Paid Social,18.45,India,Desktop,0.398
U00586,2025-07-17,Email,3.54,India,Desktop,0.312
U00587,2026-04-23,Content/SEO,0.0,Canada,Mobile,0.507
U00588,2026-03-21,Referral,3.17,UK,Desktop,0.563
U00589,2026-02-14,Paid Search,17.34,UK,Desktop,0.494
U00590,2026-01-31,Affiliate,22.11,USA,Desktop,0.306
U00591,2026-04-12,Organic Search,0.0,Germany,Desktop,0.36
U00592,2025-11-03,Paid Search,25.63,Brazil,Mobile,0.329
U00593,2026-05-27,Paid Search,51.56,USA,Mobile,0.266
U00594,2025-09-16,Paid Search,22.82,UAE,Mobile,0.19
U00595,2026-01-03,Affiliate,10.06,Australia,Desktop,0.361
U00596,2025-04-03,Paid Search,35.4,Germany,Desktop,0.495
U00597,2025-07-11,Paid Social,31.35,USA,Desktop,0.453
U00598,2025-02-16,Organic Search,0.0,UK,Mobile,0.747
U00599,2025-10-09,Referral,4.59,USA,Desktop,0.041
U00600,2025-08-30,Referral,2.78,USA,Mobile,0.508
U00601,2026-06-05,Paid Social,31.6,UK,Desktop,0.479
U00602,2026-03-25,Paid Social,17.85,Germany,Desktop,0.295
U00603,2025-07-09,Content/SEO,0.0,USA,Desktop,0.652
U00604,2025-12-22,Affiliate,34.9,India,Mobile,0.413
U00605,2025-08-06,Email,4.37,India,Desktop,0.381
U00606,2026-03-15,Affiliate,23.93,India,Mobile,0.301
U00607,2025-11-15,Email,2.05,USA,Desktop,0.448
U00608,2025-12-02,Paid Social,29.81,Canada,Mobile,0.634
U00609,2026-03-17,Email,1.64,USA,Mobile,0.485
U00610,2025-07-24,Organic Search,0.0,Brazil,Tablet,0.523
U00611,2025-10-30,Paid Search,32.39,India,Mobile,0.419
U00612,2025-07-07,Affiliate,26.71,Brazil,Mobile,0.722
U00613,2025-09-29,Organic Search,0.0,UK,Desktop,0.639
U00614,2025-08-04,Affiliate,1.39,USA,Tablet,0.143
U00615,2025-11-23,Paid Social,47.96,India,Mobile,0.634
U00616,2026-02-02,Email,1.28,India,Desktop,0.887
U00617,2025-07-27,Organic Search,0.0,USA,Desktop,0.242
U00618,2026-07-14,Paid Search,36.24,USA,Mobile,0.449
U00619,2026-01-01,Content/SEO,0.0,UK,Mobile,0.444
U00620,2025-12-21,Organic Search,0.0,Australia,Mobile,0.304
U00621,2026-01-16,Email,4.66,India,Desktop,0.128
U00622,2026-04-29,Referral,0.58,USA,Desktop,0.189
U00623,2026-06-21,Paid Search,20.6,USA,Desktop,0.284
U00624,2025-05-04,Paid Search,33.28,Canada,Tablet,0.439
U00625,2026-06-23,Paid Search,42.82,Canada,Desktop,0.106
U00626,2026-01-25,Referral,9.79,Germany,Desktop,0.601
U00627,2025-12-08,Organic Search,0.0,India,Desktop,0.549
U00628,2026-07-16,Paid Social,28.17,Brazil,Mobile,0.314
U00629,2026-01-15,Paid Search,43.08,USA,Mobile,0.31
U00630,2026-07-01,Paid Search,21.89,UK,Desktop,0.575
U00631,2026-07-21,Organic Search,0.0,USA,Mobile,0.288
U00632,2026-06-18,Referral,1.64,India,Desktop,0.606
U00633,2025-05-03,Paid Social,28.04,UK,Mobile,0.194
U00634,2026-02-10,Organic Search,0.0,USA,Mobile,0.715
U00635,2025-08-24,Email,7.65,USA,Desktop,0.252
U00636,2026-03-24,Content/SEO,0.0,USA,Desktop,0.306
U00637,2025-12-30,Organic Search,0.0,UK,Desktop,0.504
U00638,2025-10-02,Referral,5.1,USA,Desktop,0.698
U00639,2025-12-28,Paid Social,11.15,USA,Desktop,0.463
U00640,2025-10-21,Referral,2.19,USA,Desktop,0.616
U00641,2025-11-08,Content/SEO,0.0,India,Desktop,0.398
U00642,2025-11-25,Paid Social,33.75,USA,Desktop,0.582
U00643,2025-12-05,Content/SEO,0.0,Canada,Desktop,0.451
U00644,2026-02-09,Content/SEO,0.0,Canada,Desktop,0.466
U00645,2025-09-20,Organic Search,0.0,India,Desktop,0.152
U00646,2026-05-31,Affiliate,34.04,Brazil,Desktop,0.414
U00647,2026-04-04,Affiliate,6.98,USA,Desktop,0.063
U00648,2025-08-31,Content/SEO,0.0,Canada,Tablet,0.381
U00649,2025-10-22,Referral,9.32,India,Tablet,0.611
U00650,2026-01-21,Paid Search,70.73,Australia,Mobile,0.512
U00651,2026-01-27,Paid Search,35.92,Germany,Mobile,0.378
U00652,2026-03-27,Paid Social,49.42,Germany,Desktop,0.45
U00653,2026-04-04,Organic Search,0.0,UK,Desktop,0.121
U00654,2026-04-21,Content/SEO,0.0,USA,Desktop,0.221
U00655,2025-06-17,Organic Search,0.0,USA,Mobile,0.566
U00656,2025-07-04,Paid Social,9.68,UK,Mobile,0.349
U00657,2025-04-19,Paid Search,23.31,India,Desktop,0.145
U00658,2026-03-19,Affiliate,23.61,Canada,Desktop,0.377
U00659,2026-06-25,Content/SEO,0.0,India,Mobile,0.76
U00660,2025-09-13,Email,4.32,USA,Desktop,0.27
U00661,2026-05-19,Organic Search,0.0,USA,Desktop,0.141
U00662,2026-03-27,Content/SEO,0.0,USA,Mobile,0.677
U00663,2025-09-10,Paid Social,39.69,USA,Desktop,0.281
U00664,2026-06-04,Email,2.48,USA,Desktop,0.205
U00665,2025-09-30,Paid Search,37.63,Australia,Mobile,0.19
U00666,2025-10-04,Paid Search,8.8,UK,Mobile,0.615
U00667,2026-01-12,Paid Search,48.68,India,Desktop,0.306
U00668,2026-06-19,Referral,6.28,USA,Desktop,0.696
U00669,2026-02-07,Organic Search,0.0,UAE,Mobile,0.715
U00670,2025-12-10,Email,1.34,UK,Desktop,0.13
U00671,2026-05-03,Paid Social,25.72,UAE,Tablet,0.091
U00672,2025-10-25,Referral,2.85,Canada,Desktop,0.194
U00673,2025-10-24,Paid Social,35.3,USA,Desktop,0.212
U00674,2025-07-01,Content/SEO,0.0,India,Mobile,0.271
U00675,2025-09-05,Paid Search,15.51,Germany,Mobile,0.238
U00676,2025-12-03,Email,0.18,UK,Tablet,0.624
U00677,2025-12-26,Paid Social,18.25,USA,Desktop,0.212
U00678,2025-08-08,Organic Search,0.0,Germany,Mobile,0.223
U00679,2025-05-14,Email,2.24,USA,Mobile,0.251
U00680,2026-06-20,Organic Search,0.0,USA,Mobile,0.53
U00681,2026-01-10,Referral,6.08,Brazil,Desktop,0.455
U00682,2025-11-10,Content/SEO,0.0,Canada,Desktop,0.064
U00683,2026-07-02,Paid Social,48.46,Australia,Desktop,0.386
U00684,2026-04-23,Affiliate,29.57,USA,Mobile,0.32
U00685,2026-02-21,Affiliate,15.0,USA,Tablet,0.05
U00686,2026-02-11,Paid Social,35.18,USA,Desktop,0.35
U00687,2025-06-12,Organic Search,0.0,Brazil,Desktop,0.679
U00688,2026-04-10,Content/SEO,0.0,India,Desktop,0.185
U00689,2026-04-03,Paid Search,32.87,USA,Desktop,0.547
U00690,2025-09-29,Paid Social,19.78,USA,Tablet,0.7
U00691,2026-02-09,Paid Social,20.66,Australia,Mobile,0.25
U00692,2025-11-17,Paid Search,54.51,India,Desktop,0.231
U00693,2025-11-15,Paid Search,29.52,USA,Desktop,0.058
U00694,2025-08-29,Affiliate,12.61,UK,Desktop,0.63
U00695,2025-08-25,Organic Search,0.0,India,Desktop,0.194
U00696,2025-09-12,Email,3.55,India,Mobile,0.376
U00697,2025-05-12,Referral,1.75,USA,Mobile,0.146
U00698,2026-03-21,Affiliate,13.56,Germany,Desktop,0.076
U00699,2025-10-30,Organic Search,0.0,Canada,Desktop,0.532
U00700,2025-03-14,Content/SEO,0.0,India,Mobile,0.523
U00701,2025-08-08,Paid Social,30.21,Germany,Desktop,0.2
U00702,2026-01-18,Organic Search,0.0,Australia,Tablet,0.37
U00703,2025-01-21,Referral,4.71,Canada,Desktop,0.473
U00704,2026-03-27,Email,4.91,USA,Mobile,0.278
U00705,2025-04-23,Organic Search,0.0,India,Desktop,0.202
U00706,2025-01-27,Referral,7.82,Germany,Desktop,0.12
U00707,2025-07-14,Paid Social,30.99,India,Desktop,0.381
U00708,2025-03-10,Paid Social,36.6,USA,Desktop,0.316
U00709,2025-08-24,Paid Search,41.77,UAE,Desktop,0.256
U00710,2026-03-18,Content/SEO,0.0,Germany,Mobile,0.406
U00711,2025-12-21,Email,2.66,USA,Desktop,0.171
U00712,2025-12-26,Organic Search,0.0,USA,Desktop,0.335
U00713,2025-11-25,Content/SEO,0.0,USA,Desktop,0.047
U00714,2025-10-03,Paid Search,7.95,India,Desktop,0.32
U00715,2025-11-26,Affiliate,17.38,USA,Mobile,0.26
U00716,2025-05-19,Email,2.36,Germany,Mobile,0.03
U00717,2025-07-25,Content/SEO,0.0,USA,Desktop,0.278
U00718,2026-03-11,Paid Social,16.09,USA,Desktop,0.755
U00719,2025-10-28,Organic Search,0.0,India,Desktop,0.166
U00720,2025-02-05,Content/SEO,0.0,UK,Mobile,0.14
U00721,2026-05-26,Organic Search,0.0,UK,Desktop,0.066
U00722,2025-03-14,Organic Search,0.0,Australia,Mobile,0.033
U00723,2026-01-07,Paid Social,11.07,USA,Desktop,0.446
U00724,2025-12-27,Affiliate,40.98,Brazil,Desktop,0.758
U00725,2026-07-06,Organic Search,0.0,Brazil,Desktop,0.296
U00726,2025-05-16,Affiliate,23.79,UK,Mobile,0.35
U00727,2025-04-14,Content/SEO,0.0,India,Desktop,0.22
U00728,2026-02-05,Organic Search,0.0,USA,Mobile,0.523
U00729,2026-05-29,Paid Search,9.88,Brazil,Desktop,0.078
U00730,2025-10-19,Content/SEO,0.0,USA,Tablet,0.286
U00731,2026-06-19,Content/SEO,0.0,India,Tablet,0.055
U00732,2025-06-27,Organic Search,0.0,India,Mobile,0.166
U00733,2026-08-04,Paid Search,51.24,Canada,Tablet,0.192
U00734,2025-05-27,Paid Search,24.53,Canada,Desktop,0.595
U00735,2025-02-24,Paid Search,46.76,UAE,Desktop,0.59
U00736,2026-07-22,Paid Search,60.08,UAE,Desktop,0.665
U00737,2026-02-27,Referral,8.57,Germany,Desktop,0.629
U00738,2026-04-11,Referral,8.18,Canada,Mobile,0.536
U00739,2025-03-18,Organic Search,0.0,USA,Mobile,0.35
U00740,2026-03-02,Referral,3.8,Canada,Desktop,0.31
U00741,2025-10-04,Organic Search,0.0,USA,Desktop,0.312
U00742,2025-08-04,Paid Search,41.05,USA,Desktop,0.624
U00743,2026-05-25,Organic Search,0.0,India,Desktop,0.377
U00744,2025-11-28,Paid Social,42.88,USA,Desktop,0.481
U00745,2026-03-16,Organic Search,0.0,UK,Desktop,0.506
U00746,2026-03-20,Paid Search,44.04,USA,Desktop,0.781
U00747,2026-05-31,Organic Search,0.0,Brazil,Mobile,0.46
U00748,2025-09-09,Affiliate,7.98,UK,Desktop,0.36
U00749,2026-04-10,Paid Search,23.04,USA,Desktop,0.325
U00750,2025-11-04,Paid Social,13.32,USA,Desktop,0.508
U00751,2026-06-18,Paid Social,16.7,India,Desktop,0.528
U00752,2025-05-17,Paid Search,32.17,USA,Mobile,0.613
U00753,2025-07-20,Referral,12.48,USA,Desktop,0.349
U00754,2025-11-10,Paid Search,28.78,UAE,Desktop,0.137
U00755,2025-05-01,Referral,7.46,Australia,Desktop,0.57
U00756,2026-01-19,Paid Search,43.5,Australia,Mobile,0.237
U00757,2025-07-05,Affiliate,20.75,USA,Desktop,0.358
U00758,2025-06-02,Affiliate,26.03,USA,Desktop,0.46
U00759,2026-05-04,Affiliate,25.76,UAE,Desktop,0.199
U00760,2026-02-21,Referral,8.84,India,Desktop,0.586
U00761,2026-01-21,Paid Search,38.96,India,Mobile,0.324
U00762,2025-10-06,Paid Search,33.17,USA,Desktop,0.172
U00763,2026-04-19,Referral,3.24,UK,Mobile,0.356
U00764,2026-04-02,Paid Social,32.26,UAE,Desktop,0.758
U00765,2026-04-27,Content/SEO,0.0,India,Desktop,0.537
U00766,2025-07-25,Referral,8.52,Australia,Mobile,0.743
U00767,2026-04-20,Paid Social,38.02,India,Mobile,0.656
U00768,2025-10-13,Paid Search,34.75,Germany,Mobile,0.331
U00769,2026-01-31,Content/SEO,0.0,USA,Tablet,0.611
U00770,2026-01-20,Paid Social,23.86,India,Desktop,0.446
U00771,2026-04-15,Affiliate,21.43,Germany,Desktop,0.746
U00772,2025-02-12,Content/SEO,0.0,India,Mobile,0.173
U00773,2025-03-27,Paid Social,16.73,UK,Desktop,0.596
U00774,2026-03-30,Content/SEO,0.0,Germany,Desktop,0.234
U00775,2026-06-29,Referral,0.0,USA,Tablet,0.436
U00776,2025-06-16,Referral,1.21,India,Mobile,0.051
U00777,2026-06-06,Affiliate,21.29,India,Desktop,0.908
U00778,2025-07-19,Paid Search,18.71,India,Desktop,0.365
U00779,2026-04-21,Referral,10.64,UK,Desktop,0.297
U00780,2025-05-16,Paid Search,50.3,Canada,Desktop,0.057
U00781,2025-08-10,Paid Social,39.15,India,Desktop,0.571
U00782,2026-03-22,Organic Search,0.0,India,Tablet,0.26
U00783,2025-01-31,Organic Search,0.0,UAE,Desktop,0.477
U00784,2026-05-27,Paid Search,37.27,India,Desktop,0.258
U00785,2026-04-26,Paid Social,36.9,India,Desktop,0.815
U00786,2026-02-12,Referral,1.88,India,Desktop,0.666
U00787,2025-08-19,Content/SEO,0.0,USA,Mobile,0.72
U00788,2026-03-25,Referral,9.4,Germany,Desktop,0.334
U00789,2025-10-27,Affiliate,28.81,USA,Desktop,0.253
U00790,2025-12-07,Organic Search,0.0,UK,Tablet,0.368
U00791,2025-04-10,Paid Search,69.87,India,Desktop,0.288
U00792,2026-07-15,Referral,3.58,India,Desktop,0.222
U00793,2026-07-17,Referral,4.66,USA,Desktop,0.463
U00794,2026-05-01,Paid Search,62.11,Germany,Desktop,0.382
U00795,2025-05-20,Content/SEO,0.0,Australia,Desktop,0.866
U00796,2025-02-26,Organic Search,0.0,Brazil,Desktop,0.179
U00797,2025-07-04,Paid Search,31.3,India,Desktop,0.05
U00798,2025-08-14,Email,3.28,UK,Mobile,0.229
U00799,2026-03-04,Referral,11.17,UK,Desktop,0.276
U00800,2026-01-31,Paid Search,58.52,Australia,Desktop,0.165
U00801,2026-06-15,Content/SEO,0.0,Germany,Desktop,0.579
U00802,2025-08-13,Referral,4.75,USA,Desktop,0.463
U00803,2026-01-04,Organic Search,0.0,India,Desktop,0.258
U00804,2025-12-31,Referral,6.64,India,Desktop,0.579
U00805,2025-07-18,Organic Search,0.0,India,Desktop,0.675
U00806,2025-08-25,Referral,4.02,Germany,Mobile,0.557
U00807,2026-07-14,Affiliate,15.6,UK,Desktop,0.237
U00808,2025-10-11,Organic Search,0.0,India,Desktop,0.107
U00809,2026-05-18,Organic Search,0.0,India,Desktop,0.114
U00810,2025-10-30,Organic Search,0.0,Australia,Tablet,0.44
U00811,2025-02-11,Paid Social,25.07,India,Mobile,0.482
U00812,2026-01-29,Paid Social,16.05,Australia,Desktop,0.59
U00813,2026-05-04,Organic Search,0.0,USA,Mobile,0.165
U00814,2026-01-28,Paid Search,41.58,USA,Desktop,0.293
U00815,2026-04-30,Organic Search,0.0,India,Mobile,0.345
U00816,2025-04-20,Content/SEO,0.0,UK,Desktop,0.084
U00817,2026-08-03,Organic Search,0.0,Canada,Mobile,0.088
U00818,2025-02-23,Paid Search,35.17,Australia,Desktop,0.42
U00819,2025-05-29,Content/SEO,0.0,UK,Tablet,0.451
U00820,2025-04-07,Organic Search,0.0,Australia,Mobile,0.183
U00821,2025-07-16,Paid Search,30.79,UAE,Desktop,0.15
U00822,2025-06-16,Paid Search,31.39,Australia,Desktop,0.191
U00823,2025-09-03,Affiliate,22.18,Canada,Desktop,0.525
U00824,2025-12-13,Content/SEO,0.0,UK,Desktop,0.525
U00825,2026-04-09,Content/SEO,0.0,UK,Desktop,0.449
U00826,2025-11-23,Organic Search,0.0,USA,Desktop,0.895
U00827,2026-01-08,Organic Search,0.0,India,Desktop,0.252
U00828,2025-07-16,Paid Social,39.63,India,Mobile,0.157
U00829,2025-10-04,Paid Search,49.44,USA,Mobile,0.597
U00830,2025-09-23,Affiliate,20.61,Germany,Desktop,0.09
U00831,2025-10-14,Affiliate,34.55,Canada,Mobile,0.621
U00832,2025-10-30,Affiliate,17.24,Australia,Desktop,0.38
U00833,2026-04-16,Email,1.66,USA,Mobile,0.194
U00834,2025-10-08,Email,4.3,Canada,Mobile,0.59
U00835,2026-01-27,Paid Social,20.44,UK,Desktop,0.592
U00836,2026-01-04,Paid Social,30.96,India,Mobile,0.432
U00837,2025-12-12,Email,1.69,USA,Desktop,0.295
U00838,2026-02-26,Paid Search,38.16,Brazil,Desktop,0.139
U00839,2026-05-03,Affiliate,17.62,India,Desktop,0.301
U00840,2026-03-24,Content/SEO,0.0,Canada,Mobile,0.712
U00841,2025-11-16,Paid Social,23.28,Germany,Desktop,0.377
U00842,2026-03-19,Organic Search,0.0,UK,Desktop,0.574
U00843,2025-09-28,Paid Social,22.01,USA,Desktop,0.546
U00844,2025-11-21,Email,3.39,India,Desktop,0.419
U00845,2026-01-23,Referral,0.0,India,Desktop,0.578
U00846,2025-07-20,Referral,3.51,USA,Desktop,0.315
U00847,2025-09-15,Content/SEO,0.0,India,Desktop,0.377
U00848,2026-03-29,Email,0.0,India,Desktop,0.618
U00849,2026-05-19,Affiliate,8.11,USA,Mobile,0.126
U00850,2026-03-25,Organic Search,0.0,Germany,Desktop,0.583
U00851,2026-04-15,Affiliate,9.01,USA,Mobile,0.773
U00852,2025-03-06,Paid Search,21.39,India,Mobile,0.203
U00853,2025-01-06,Organic Search,0.0,India,Desktop,0.158
U00854,2026-07-06,Referral,0.73,USA,Mobile,0.444
U00855,2025-06-04,Content/SEO,0.0,USA,Desktop,0.451
U00856,2025-08-31,Organic Search,0.0,USA,Mobile,0.285
U00857,2026-01-05,Organic Search,0.0,Germany,Mobile,0.763
U00858,2026-04-08,Affiliate,6.99,India,Desktop,0.63
U00859,2025-11-04,Organic Search,0.0,India,Mobile,0.207
U00860,2025-05-30,Organic Search,0.0,India,Mobile,0.644
U00861,2026-06-11,Organic Search,0.0,Canada,Mobile,0.366
U00862,2025-10-21,Organic Search,0.0,UAE,Desktop,0.443
U00863,2026-06-21,Paid Social,49.67,USA,Mobile,0.498
U00864,2026-05-04,Paid Social,23.06,Canada,Mobile,0.487
U00865,2025-02-27,Organic Search,0.0,India,Mobile,0.452
U00866,2026-05-10,Email,1.22,USA,Desktop,0.507
U00867,2026-05-20,Content/SEO,0.0,UK,Desktop,0.217
U00868,2025-08-28,Affiliate,13.69,India,Desktop,0.144
U00869,2025-06-30,Paid Search,32.98,USA,Desktop,0.466
U00870,2026-05-19,Referral,8.9,UK,Mobile,0.409
U00871,2025-01-29,Referral,1.01,Australia,Mobile,0.189
U00872,2025-06-02,Paid Search,75.0,India,Desktop,0.388
U00873,2025-08-17,Content/SEO,0.0,USA,Desktop,0.483
U00874,2026-01-22,Email,2.24,UAE,Desktop,0.524
U00875,2025-09-10,Organic Search,0.0,India,Desktop,0.888
U00876,2026-02-24,Paid Social,11.17,UAE,Tablet,0.567
U00877,2026-03-31,Affiliate,31.23,USA,Mobile,0.602
U00878,2025-12-04,Referral,4.3,India,Mobile,0.309
U00879,2025-07-25,Content/SEO,0.0,UAE,Mobile,0.415
U00880,2026-03-03,Organic Search,0.0,USA,Desktop,0.78
U00881,2026-01-26,Organic Search,0.0,USA,Mobile,0.297
U00882,2026-05-16,Paid Social,38.37,UK,Desktop,0.17
U00883,2025-08-12,Paid Social,9.73,Germany,Desktop,0.05
U00884,2025-09-04,Paid Social,0.0,UK,Desktop,0.326
U00885,2026-05-16,Paid Search,36.76,India,Desktop,0.084
U00886,2025-02-04,Content/SEO,0.0,UK,Desktop,0.698
U00887,2025-11-03,Referral,0.46,Australia,Mobile,0.528
U00888,2025-02-10,Organic Search,0.0,Germany,Mobile,0.768
U00889,2025-07-06,Email,2.87,USA,Desktop,0.283
U00890,2025-03-21,Paid Social,30.1,India,Desktop,0.067
U00891,2026-06-27,Paid Search,61.3,Canada,Mobile,0.26
U00892,2026-04-01,Organic Search,0.0,Germany,Mobile,0.078
U00893,2026-03-17,Organic Search,0.0,UAE,Desktop,0.512
U00894,2025-07-10,Content/SEO,0.0,Canada,Desktop,0.759
U00895,2026-01-26,Organic Search,0.0,Canada,Desktop,0.515
U00896,2026-05-06,Email,0.8,Canada,Desktop,0.698
U00897,2026-01-21,Content/SEO,0.0,USA,Desktop,0.262
U00898,2026-03-21,Content/SEO,0.0,UK,Desktop,0.278
U00899,2026-06-25,Paid Social,31.77,India,Desktop,0.293
U00900,2026-07-28,Referral,3.67,India,Desktop,0.408
U00901,2025-07-25,Organic Search,0.0,UK,Mobile,0.481
U00902,2025-12-19,Paid Search,8.84,India,Desktop,0.203
U00903,2026-07-07,Email,6.4,USA,Desktop,0.313
U00904,2026-06-03,Paid Search,31.94,USA,Mobile,0.902
U00905,2025-06-04,Email,5.16,UK,Mobile,0.332
U00906,2025-09-28,Content/SEO,0.0,India,Desktop,0.576
U00907,2025-11-29,Paid Social,26.59,Canada,Desktop,0.544
U00908,2025-07-10,Organic Search,0.0,India,Desktop,0.481
U00909,2026-01-15,Email,3.43,USA,Mobile,0.287
U00910,2026-05-12,Affiliate,18.53,UAE,Desktop,0.217
U00911,2026-03-29,Paid Social,36.49,USA,Mobile,0.719
U00912,2025-08-19,Paid Search,64.5,UK,Desktop,0.249
U00913,2026-03-27,Organic Search,0.0,UK,Desktop,0.557
U00914,2025-07-23,Referral,2.77,India,Desktop,0.332
U00915,2025-09-09,Paid Social,33.92,Canada,Desktop,0.32
U00916,2026-07-28,Email,1.14,Canada,Desktop,0.654
U00917,2025-12-04,Organic Search,0.0,India,Desktop,0.323
U00918,2026-04-12,Paid Search,12.09,Australia,Mobile,0.577
U00919,2026-01-21,Affiliate,2.62,USA,Mobile,0.643
U00920,2025-06-21,Email,5.65,Canada,Desktop,0.332
U00921,2025-07-17,Paid Social,38.37,USA,Desktop,0.316
U00922,2026-04-02,Organic Search,0.0,UAE,Mobile,0.174
U00923,2026-06-25,Organic Search,0.0,Brazil,Mobile,0.742
U00924,2025-09-28,Paid Social,38.15,Germany,Desktop,0.366
U00925,2025-08-10,Affiliate,20.78,USA,Desktop,0.402
U00926,2025-11-26,Organic Search,0.0,Australia,Desktop,0.697
U00927,2026-07-24,Referral,4.17,India,Tablet,0.066
U00928,2025-08-02,Paid Search,31.28,USA,Desktop,0.776
U00929,2025-07-15,Content/SEO,0.0,Germany,Mobile,0.163
U00930,2026-05-01,Paid Search,38.02,USA,Desktop,0.093
U00931,2025-11-27,Organic Search,0.0,Canada,Desktop,0.36
U00932,2026-06-08,Organic Search,0.0,USA,Desktop,0.266
U00933,2025-12-29,Paid Social,14.18,UK,Tablet,0.17
U00934,2026-05-14,Organic Search,0.0,India,Desktop,0.762
U00935,2026-04-18,Organic Search,0.0,USA,Mobile,0.278
U00936,2026-01-11,Email,2.28,Germany,Desktop,0.548
U00937,2025-08-09,Email,4.62,India,Desktop,0.806
U00938,2026-06-11,Paid Search,43.36,India,Desktop,0.191
U00939,2026-04-03,Referral,0.0,USA,Tablet,0.081
U00940,2025-08-08,Organic Search,0.0,India,Desktop,0.6
U00941,2025-09-01,Content/SEO,0.0,USA,Desktop,0.258
U00942,2025-08-27,Content/SEO,0.0,USA,Desktop,0.802
U00943,2025-04-27,Email,0.0,UAE,Desktop,0.243
U00944,2025-08-21,Email,5.7,India,Mobile,0.671
U00945,2026-03-14,Referral,8.46,UK,Desktop,0.064
U00946,2026-07-02,Content/SEO,0.0,USA,Desktop,0.152
U00947,2025-05-01,Email,0.55,India,Desktop,0.228
U00948,2025-07-29,Email,0.57,Australia,Desktop,0.147
U00949,2025-11-28,Organic Search,0.0,India,Desktop,0.195
U00950,2026-04-19,Referral,4.69,Australia,Desktop,0.14
U00951,2025-08-27,Organic Search,0.0,Germany,Desktop,0.103
U00952,2026-01-28,Organic Search,0.0,USA,Desktop,0.063
U00953,2026-01-08,Email,1.71,USA,Desktop,0.325
U00954,2025-04-30,Paid Search,42.38,USA,Desktop,0.349
U00955,2026-06-10,Paid Social,17.52,USA,Desktop,0.442
U00956,2026-06-02,Organic Search,0.0,USA,Mobile,0.283
U00957,2026-03-20,Paid Social,15.29,UK,Mobile,0.391
U00958,2025-10-29,Content/SEO,0.0,UAE,Mobile,0.588
U00959,2026-08-02,Paid Search,24.77,UK,Desktop,0.49
U00960,2026-03-19,Email,1.93,India,Desktop,0.188
U00961,2025-07-21,Organic Search,0.0,India,Desktop,0.555
U00962,2025-08-26,Email,5.06,Canada,Desktop,0.261
U00963,2026-04-03,Affiliate,25.46,UK,Mobile,0.642
U00964,2026-06-27,Affiliate,17.53,UAE,Desktop,0.368
U00965,2025-04-20,Referral,3.91,USA,Mobile,0.413
U00966,2025-02-19,Email,3.49,USA,Tablet,0.65
U00967,2025-10-25,Organic Search,0.0,Australia,Mobile,0.496
U00968,2025-12-11,Paid Search,45.22,Australia,Mobile,0.524
U00969,2025-10-02,Organic Search,0.0,UK,Mobile,0.392
U00970,2026-02-05,Referral,7.14,Brazil,Desktop,0.631
U00971,2026-04-02,Content/SEO,0.0,UAE,Desktop,0.674
U00972,2025-07-26,Referral,8.62,USA,Tablet,0.083
U00973,2025-12-28,Email,5.26,India,Desktop,0.052
U00974,2026-02-23,Paid Social,21.41,USA,Desktop,0.345
U00975,2025-10-01,Organic Search,0.0,UK,Desktop,0.142
U00976,2026-02-27,Email,1.84,USA,Desktop,0.141
U00977,2025-11-23,Content/SEO,0.0,Brazil,Mobile,0.645
U00978,2025-06-12,Paid Search,29.88,USA,Desktop,0.54
U00979,2026-03-06,Email,2.87,Canada,Mobile,0.268
U00980,2026-04-01,Email,1.25,UAE,Desktop,0.307
U00981,2025-11-10,Affiliate,9.99,India,Desktop,0.219
U00982,2025-08-16,Paid Search,58.63,USA,Desktop,0.463
U00983,2025-04-11,Affiliate,48.65,Canada,Tablet,0.103
U00984,2026-02-19,Referral,2.93,USA,Tablet,0.605
U00985,2026-03-13,Referral,8.18,Brazil,Mobile,0.206
U00986,2025-10-24,Paid Search,33.02,UK,Desktop,0.737
U00987,2025-03-21,Paid Search,33.93,Germany,Desktop,0.495
U00988,2025-12-24,Content/SEO,0.0,UAE,Tablet,0.35
U00989,2025-10-05,Paid Search,39.49,UAE,Tablet,0.564
U00990,2026-01-05,Organic Search,0.0,UK,Mobile,0.14
U00991,2026-08-04,Affiliate,44.19,USA,Desktop,0.236
U00992,2026-03-06,Affiliate,33.15,USA,Mobile,0.437
U00993,2025-08-06,Paid Search,30.94,UAE,Desktop,0.137
U00994,2026-03-30,Email,2.99,USA,Mobile,0.134
U00995,2025-12-12,Referral,3.79,Brazil,Desktop,0.719
U00996,2026-02-10,Paid Search,35.67,USA,Desktop,0.146
U00997,2025-10-20,Paid Search,33.91,USA,Desktop,0.778
U00998,2025-11-04,Paid Search,30.58,Canada,Tablet,0.589
U00999,2025-03-06,Email,3.65,India,Desktop,0.292
U01000,2025-06-11,Paid Social,11.83,USA,Desktop,0.233
U01001,2025-09-03,Email,2.25,Germany,Mobile,0.56
U01002,2026-02-06,Organic Search,0.0,USA,Mobile,0.512
U01003,2026-07-25,Paid Search,36.24,India,Tablet,0.819
U01004,2025-02-17,Organic Search,0.0,USA,Desktop,0.587
U01005,2026-05-23,Content/SEO,0.0,UK,Mobile,0.29
U01006,2025-06-12,Organic Search,0.0,UK,Desktop,0.424
U01007,2026-05-03,Paid Social,30.7,USA,Tablet,0.37
U01008,2026-05-04,Organic Search,0.0,Brazil,Desktop,0.396
U01009,2026-03-10,Organic Search,0.0,USA,Desktop,0.411
U01010,2025-08-31,Referral,8.41,Canada,Mobile,0.557
U01011,2026-07-20,Paid Search,17.86,USA,Desktop,0.181
U01012,2026-04-02,Organic Search,0.0,UK,Mobile,0.524
U01013,2026-03-10,Organic Search,0.0,India,Desktop,0.912
U01014,2026-07-18,Paid Search,34.43,Germany,Desktop,0.597
U01015,2026-01-06,Organic Search,0.0,USA,Desktop,0.373
U01016,2025-07-16,Paid Search,17.62,USA,Mobile,0.756
U01017,2025-07-05,Paid Search,48.19,India,Desktop,0.186
U01018,2025-11-03,Referral,4.36,USA,Desktop,0.13
U01019,2026-04-16,Organic Search,0.0,Brazil,Desktop,0.154
U01020,2025-10-31,Paid Social,21.29,USA,Desktop,0.182
U01021,2025-06-03,Paid Search,27.37,USA,Desktop,0.023
U01022,2025-09-12,Content/SEO,0.0,Germany,Desktop,0.562
U01023,2025-05-28,Paid Search,46.36,UK,Tablet,0.325
U01024,2025-06-28,Referral,5.17,UK,Mobile,0.374
U01025,2025-11-19,Content/SEO,0.0,India,Desktop,0.28
U01026,2026-05-15,Email,1.92,India,Mobile,0.297
U01027,2025-07-08,Paid Social,22.31,USA,Mobile,0.381
U01028,2025-08-28,Content/SEO,0.0,India,Mobile,0.576
U01029,2025-12-12,Content/SEO,0.0,Germany,Mobile,0.127
U01030,2026-07-22,Organic Search,0.0,Canada,Desktop,0.452
U01031,2026-06-18,Affiliate,22.13,UAE,Mobile,0.677
U01032,2025-08-01,Organic Search,0.0,India,Tablet,0.499
U01033,2026-01-19,Paid Social,19.67,UAE,Mobile,0.362
U01034,2026-06-22,Email,0.05,USA,Mobile,0.517
U01035,2026-05-28,Email,4.47,USA,Desktop,0.136
U01036,2026-05-12,Paid Search,29.54,India,Desktop,0.616
U01037,2025-07-11,Paid Social,51.69,Brazil,Mobile,0.79
U01038,2025-04-14,Referral,3.23,UK,Desktop,0.3
U01039,2026-05-06,Paid Social,25.75,USA,Desktop,0.594
U01040,2025-09-08,Content/SEO,0.0,Brazil,Mobile,0.143
U01041,2025-08-30,Referral,6.38,USA,Desktop,0.318
U01042,2026-04-08,Paid Social,29.79,India,Desktop,0.355
U01043,2026-03-27,Paid Search,31.69,India,Desktop,0.276
U01044,2025-07-09,Organic Search,0.0,USA,Desktop,0.585
U01045,2026-01-04,Referral,1.03,Germany,Desktop,0.259
U01046,2026-04-26,Email,3.82,India,Desktop,0.458
U01047,2025-07-29,Content/SEO,0.0,Brazil,Mobile,0.413
U01048,2025-10-10,Organic Search,0.0,Australia,Desktop,0.394
U01049,2026-04-07,Paid Search,48.44,India,Mobile,0.258
U01050,2026-01-06,Organic Search,0.0,Australia,Desktop,0.902
U01051,2025-10-02,Affiliate,6.75,India,Mobile,0.244
U01052,2025-12-22,Paid Search,39.31,India,Mobile,0.577
U01053,2025-04-22,Organic Search,0.0,USA,Mobile,0.535
U01054,2025-06-29,Content/SEO,0.0,Canada,Mobile,0.178
U01055,2025-12-23,Email,6.54,India,Desktop,0.71
U01056,2026-05-15,Paid Search,25.63,India,Desktop,0.703
U01057,2025-10-21,Email,0.41,Brazil,Desktop,0.238
U01058,2026-05-09,Organic Search,0.0,Australia,Mobile,0.375
U01059,2025-08-28,Paid Search,11.73,India,Mobile,0.523
U01060,2026-01-19,Content/SEO,0.0,USA,Mobile,0.17
U01061,2025-04-18,Paid Social,47.57,UK,Desktop,0.196
U01062,2025-07-23,Organic Search,0.0,India,Desktop,0.536
U01063,2025-06-22,Organic Search,0.0,Brazil,Desktop,0.231
U01064,2026-04-09,Paid Search,38.48,USA,Mobile,0.672
U01065,2025-12-20,Content/SEO,0.0,Germany,Desktop,0.694
U01066,2026-01-30,Paid Search,60.72,USA,Desktop,0.484
U01067,2026-05-26,Affiliate,6.38,Australia,Mobile,0.576
U01068,2025-04-07,Referral,5.14,USA,Desktop,0.519
U01069,2025-07-06,Organic Search,0.0,Canada,Mobile,0.512
U01070,2025-10-11,Organic Search,0.0,Brazil,Mobile,0.078
U01071,2026-04-01,Referral,2.04,USA,Desktop,0.23
U01072,2025-09-25,Content/SEO,0.0,India,Tablet,0.635
U01073,2025-08-23,Referral,6.02,India,Desktop,0.748
U01074,2026-01-25,Paid Search,50.72,USA,Desktop,0.353
U01075,2026-02-27,Referral,2.78,Australia,Desktop,0.036
U01076,2026-01-15,Organic Search,0.0,India,Mobile,0.356
U01077,2025-05-04,Email,6.17,India,Mobile,0.556
U01078,2025-09-01,Referral,5.15,USA,Desktop,0.537
U01079,2025-04-26,Organic Search,0.0,UAE,Mobile,0.136
U01080,2025-07-18,Email,0.0,USA,Mobile,0.569
U01081,2026-02-12,Email,5.39,USA,Desktop,0.519
U01082,2025-09-10,Content/SEO,0.0,Brazil,Mobile,0.781
U01083,2025-07-14,Content/SEO,0.0,UK,Mobile,0.533
U01084,2026-03-10,Referral,6.34,Canada,Mobile,0.301
U01085,2025-11-20,Affiliate,23.63,USA,Desktop,0.497
U01086,2026-01-10,Paid Search,34.48,USA,Mobile,0.722
U01087,2025-09-15,Referral,6.94,USA,Mobile,0.097
U01088,2026-03-01,Paid Search,56.22,UK,Mobile,0.445
U01089,2025-03-05,Email,1.24,Germany,Desktop,0.476
U01090,2025-10-03,Email,2.72,Australia,Mobile,0.628
U01091,2026-01-19,Organic Search,0.0,USA,Desktop,0.459
U01092,2026-04-17,Paid Search,11.89,Australia,Mobile,0.127
U01093,2025-09-19,Organic Search,0.0,Germany,Desktop,0.234
U01094,2025-11-20,Organic Search,0.0,India,Mobile,0.388
U01095,2025-09-10,Paid Search,15.57,Canada,Desktop,0.886
U01096,2026-04-09,Paid Search,27.04,USA,Mobile,0.201
U01097,2026-06-07,Paid Social,39.47,Australia,Desktop,0.276
U01098,2025-10-21,Affiliate,16.36,USA,Mobile,0.68
U01099,2026-01-29,Paid Social,38.77,Australia,Desktop,0.649
U01100,2026-05-07,Paid Search,24.27,USA,Mobile,0.539
U01101,2025-11-17,Organic Search,0.0,USA,Desktop,0.399
U01102,2025-10-12,Referral,5.8,Brazil,Desktop,0.731
U01103,2026-04-29,Paid Search,27.88,Germany,Mobile,0.405
U01104,2026-02-27,Paid Social,45.04,UK,Desktop,0.482
U01105,2026-05-14,Referral,4.02,USA,Desktop,0.305
U01106,2026-06-28,Content/SEO,0.0,USA,Mobile,0.462
U01107,2025-05-31,Paid Social,8.11,Canada,Desktop,0.198
U01108,2026-06-20,Referral,2.71,UK,Desktop,0.543
U01109,2025-02-25,Affiliate,37.38,India,Desktop,0.507
U01110,2025-11-09,Organic Search,0.0,India,Desktop,0.237
U01111,2025-03-26,Paid Search,45.53,Australia,Desktop,0.334
U01112,2025-06-28,Referral,7.2,UK,Desktop,0.189
U01113,2026-05-27,Referral,0.0,India,Desktop,0.063
U01114,2025-07-19,Paid Search,14.73,UK,Desktop,0.275
U01115,2025-05-23,Email,1.02,USA,Desktop,0.694
U01116,2026-04-24,Content/SEO,0.0,UK,Desktop,0.127
U01117,2025-12-31,Email,2.49,UAE,Desktop,0.212
U01118,2026-02-20,Email,3.51,India,Desktop,0.205
U01119,2026-01-10,Affiliate,22.3,Brazil,Desktop,0.171
U01120,2026-06-09,Paid Search,44.38,Canada,Desktop,0.256
U01121,2025-04-06,Content/SEO,0.0,UK,Desktop,0.371
U01122,2025-12-15,Paid Search,49.59,Germany,Desktop,0.367
U01123,2025-10-07,Email,4.53,USA,Desktop,0.745
U01124,2025-08-03,Organic Search,0.0,UAE,Mobile,0.309
U01125,2026-07-10,Referral,4.57,USA,Mobile,0.152
U01126,2025-06-27,Paid Social,28.57,India,Desktop,0.633
U01127,2026-06-08,Paid Social,26.66,USA,Mobile,0.326
U01128,2026-03-03,Referral,6.21,India,Mobile,0.136
U01129,2025-11-12,Referral,4.19,USA,Desktop,0.712
U01130,2025-10-04,Organic Search,0.0,Australia,Desktop,0.378
U01131,2025-10-12,Content/SEO,0.0,USA,Desktop,0.46
U01132,2025-10-18,Organic Search,0.0,USA,Desktop,0.124
U01133,2026-07-08,Paid Search,9.74,UK,Desktop,0.513
U01134,2025-07-15,Content/SEO,0.0,USA,Desktop,0.224
U01135,2026-04-22,Paid Social,16.39,USA,Mobile,0.484
U01136,2025-09-15,Paid Search,46.38,USA,Mobile,0.447
U01137,2025-08-01,Email,5.42,Australia,Mobile,0.613
U01138,2026-02-13,Organic Search,0.0,USA,Desktop,0.218
U01139,2026-02-20,Content/SEO,0.0,USA,Desktop,0.62
U01140,2025-09-02,Paid Search,12.15,UAE,Desktop,0.164
U01141,2026-04-08,Paid Social,27.87,USA,Desktop,0.613
U01142,2025-08-03,Organic Search,0.0,USA,Mobile,0.471
U01143,2025-10-31,Paid Search,26.88,Canada,Desktop,0.411
U01144,2026-03-13,Content/SEO,0.0,USA,Mobile,0.358
U01145,2026-01-05,Referral,8.6,USA,Desktop,0.25
U01146,2025-09-26,Paid Social,25.95,UK,Mobile,0.35
U01147,2026-07-20,Organic Search,0.0,Australia,Desktop,0.315
U01148,2025-08-11,Paid Social,9.71,UAE,Desktop,0.151
U01149,2026-04-18,Paid Search,9.43,Australia,Mobile,0.183
U01150,2026-01-23,Referral,7.32,Canada,Desktop,0.184
U01151,2025-09-11,Referral,5.81,USA,Tablet,0.389
U01152,2026-03-09,Organic Search,0.0,India,Desktop,0.346
U01153,2025-09-12,Content/SEO,0.0,Germany,Desktop,0.1
U01154,2025-10-19,Paid Search,20.31,India,Desktop,0.331
U01155,2026-07-27,Referral,2.58,Australia,Tablet,0.749
U01156,2026-03-17,Organic Search,0.0,Brazil,Desktop,0.156
U01157,2026-06-16,Paid Social,32.44,USA,Desktop,0.157
U01158,2026-06-06,Paid Search,19.98,Germany,Mobile,0.65
U01159,2026-05-15,Content/SEO,0.0,UK,Desktop,0.524
U01160,2026-05-03,Affiliate,15.76,Germany,Desktop,0.181
U01161,2025-08-13,Paid Social,15.24,Germany,Desktop,0.106
U01162,2025-10-18,Referral,0.03,USA,Desktop,0.528
U01163,2026-01-15,Referral,2.01,India,Mobile,0.54
U01164,2026-01-22,Paid Social,36.58,UAE,Desktop,0.218
U01165,2026-04-27,Referral,7.62,USA,Mobile,0.465
U01166,2025-08-30,Email,2.6,Australia,Desktop,0.405
U01167,2025-08-28,Paid Social,24.02,USA,Tablet,0.267
U01168,2026-05-26,Organic Search,0.0,USA,Mobile,0.418
U01169,2025-09-05,Paid Social,50.91,USA,Desktop,0.425
U01170,2026-03-07,Content/SEO,0.0,India,Mobile,0.805
U01171,2026-04-04,Paid Social,15.19,USA,Desktop,0.339
U01172,2026-06-20,Referral,0.0,USA,Desktop,0.214
U01173,2025-12-05,Paid Social,22.3,USA,Desktop,0.357
U01174,2026-02-08,Referral,2.65,UK,Desktop,0.614
U01175,2025-10-20,Paid Social,17.11,USA,Mobile,0.394
U01176,2025-06-03,Affiliate,28.83,India,Desktop,0.433
U01177,2026-05-13,Paid Search,25.81,India,Desktop,0.58
U01178,2025-09-19,Referral,1.81,India,Mobile,0.342
U01179,2026-04-27,Content/SEO,0.0,USA,Mobile,0.531
U01180,2025-11-29,Paid Search,46.1,India,Mobile,0.772
U01181,2025-06-30,Affiliate,18.52,USA,Desktop,0.58
U01182,2025-10-29,Content/SEO,0.0,USA,Desktop,0.083
U01183,2025-09-20,Organic Search,0.0,Germany,Mobile,0.109
U01184,2025-07-07,Organic Search,0.0,UK,Desktop,0.557
U01185,2025-02-13,Affiliate,15.2,India,Desktop,0.513
U01186,2025-05-21,Content/SEO,0.0,Germany,Desktop,0.694
U01187,2025-09-27,Paid Social,44.38,Brazil,Mobile,0.273
U01188,2025-07-02,Referral,7.94,Canada,Desktop,0.401
U01189,2026-03-05,Referral,5.43,UAE,Desktop,0.408
U01190,2025-07-26,Paid Social,13.73,UK,Desktop,0.41
U01191,2026-05-03,Affiliate,29.65,Australia,Desktop,0.151
U01192,2026-04-08,Paid Social,44.9,Brazil,Desktop,0.476
U01193,2026-04-23,Referral,6.01,Canada,Desktop,0.135
U01194,2025-11-17,Paid Search,43.57,UK,Mobile,0.566
U01195,2026-04-05,Paid Social,12.35,India,Tablet,0.399
U01196,2026-05-15,Email,0.84,Canada,Desktop,0.233
U01197,2026-02-22,Affiliate,23.18,UAE,Desktop,0.039
U01198,2025-12-01,Organic Search,0.0,India,Mobile,0.212
U01199,2025-01-12,Content/SEO,0.0,USA,Mobile,0.336
U01200,2025-03-27,Email,2.0,Germany,Mobile,0.106
U01201,2025-10-16,Referral,5.91,USA,Mobile,0.303
U01202,2026-05-04,Paid Search,65.6,India,Mobile,0.23
U01203,2026-04-27,Affiliate,20.99,Germany,Tablet,0.206
U01204,2025-10-10,Paid Social,27.65,Germany,Desktop,0.247
U01205,2025-12-26,Organic Search,0.0,India,Desktop,0.407
U01206,2025-02-16,Referral,9.36,Germany,Desktop,0.38
U01207,2026-06-24,Content/SEO,0.0,Australia,Desktop,0.406
U01208,2025-11-02,Email,5.97,Australia,Desktop,0.799
U01209,2025-06-23,Organic Search,0.0,USA,Mobile,0.33
U01210,2026-01-05,Organic Search,0.0,Canada,Desktop,0.261
U01211,2026-03-03,Paid Search,46.21,USA,Mobile,0.346
U01212,2025-06-12,Referral,7.98,USA,Mobile,0.75
U01213,2025-09-30,Organic Search,0.0,Australia,Desktop,0.125
U01214,2026-06-22,Email,2.76,Canada,Mobile,0.448
U01215,2026-01-17,Content/SEO,0.0,UK,Desktop,0.397
U01216,2025-07-25,Content/SEO,0.0,Canada,Desktop,0.709
U01217,2026-01-21,Referral,1.53,Brazil,Desktop,0.798
U01218,2026-02-25,Affiliate,3.57,UAE,Desktop,0.139
U01219,2025-09-18,Paid Social,28.76,USA,Desktop,0.143
U01220,2026-05-19,Referral,7.59,Canada,Mobile,0.121
U01221,2026-06-09,Email,3.65,Brazil,Mobile,0.652
U01222,2025-09-15,Referral,9.28,Canada,Desktop,0.459
U01223,2025-09-24,Referral,6.51,Canada,Tablet,0.087
U01224,2026-06-01,Paid Search,26.97,USA,Mobile,0.309
U01225,2025-12-26,Organic Search,0.0,USA,Desktop,0.382
U01226,2025-11-02,Paid Search,9.68,India,Desktop,0.378
U01227,2026-02-28,Organic Search,0.0,UK,Desktop,0.341
U01228,2026-07-03,Paid Search,25.84,Germany,Desktop,0.338
U01229,2025-05-23,Organic Search,0.0,India,Desktop,0.608
U01230,2025-10-10,Affiliate,25.56,UK,Mobile,0.639
U01231,2025-08-03,Paid Social,23.16,UK,Desktop,0.518
U01232,2025-05-05,Content/SEO,0.0,India,Desktop,0.571
U01233,2026-07-16,Organic Search,0.0,USA,Desktop,0.486
U01234,2025-06-01,Paid Social,38.99,UK,Desktop,0.511
U01235,2026-05-04,Paid Search,34.36,USA,Desktop,0.441
U01236,2025-03-12,Paid Search,56.21,USA,Mobile,0.551
U01237,2025-07-26,Paid Social,29.45,UAE,Mobile,0.568
U01238,2026-06-11,Affiliate,17.65,USA,Mobile,0.377
U01239,2025-12-09,Paid Social,35.54,Brazil,Desktop,0.666
U01240,2025-04-22,Referral,10.4,UAE,Mobile,0.078
U01241,2026-05-11,Paid Search,30.22,Brazil,Tablet,0.628
U01242,2025-06-04,Paid Search,19.48,UK,Desktop,0.419
U01243,2025-09-11,Email,6.55,Australia,Desktop,0.328
U01244,2025-08-03,Content/SEO,0.0,India,Desktop,0.361
U01245,2025-02-20,Email,3.49,USA,Desktop,0.407
U01246,2026-06-04,Affiliate,13.33,USA,Tablet,0.369
U01247,2026-02-14,Paid Social,35.73,USA,Desktop,0.558
U01248,2025-04-27,Referral,7.47,Canada,Mobile,0.415
U01249,2026-04-11,Paid Social,33.5,USA,Desktop,0.86
U01250,2025-10-30,Content/SEO,0.0,UAE,Mobile,0.572
U01251,2025-07-06,Referral,4.39,Brazil,Mobile,0.658
U01252,2025-10-12,Organic Search,0.0,India,Desktop,0.478
U01253,2025-10-24,Organic Search,0.0,USA,Mobile,0.738
U01254,2026-06-18,Paid Social,33.2,UK,Desktop,0.13
U01255,2025-10-11,Paid Search,29.82,India,Mobile,0.412
U01256,2025-03-29,Paid Social,33.51,USA,Mobile,0.282
U01257,2025-02-13,Paid Social,53.81,Germany,Desktop,0.676
U01258,2025-07-14,Content/SEO,0.0,UK,Mobile,0.191
U01259,2026-05-29,Organic Search,0.0,Brazil,Desktop,0.673
U01260,2025-06-25,Content/SEO,0.0,India,Desktop,0.476
U01261,2026-05-29,Content/SEO,0.0,India,Desktop,0.531
U01262,2025-04-16,Referral,0.18,India,Desktop,0.433
U01263,2025-06-12,Organic Search,0.0,India,Mobile,0.473
U01264,2026-01-10,Paid Social,22.82,UAE,Desktop,0.114
U01265,2025-09-01,Referral,2.52,Brazil,Mobile,0.049
U01266,2026-01-14,Content/SEO,0.0,India,Tablet,0.114
U01267,2025-02-03,Paid Social,21.05,UK,Desktop,0.677
U01268,2025-06-04,Organic Search,0.0,UK,Desktop,0.213
U01269,2026-05-22,Affiliate,17.99,India,Mobile,0.818
U01270,2026-05-19,Email,0.97,India,Desktop,0.602
U01271,2025-06-04,Referral,11.35,India,Desktop,0.347
U01272,2025-10-05,Paid Search,36.97,Australia,Desktop,0.55
U01273,2026-04-01,Organic Search,0.0,Canada,Mobile,0.191
U01274,2025-07-31,Email,0.0,Brazil,Tablet,0.198
U01275,2026-07-13,Paid Social,16.02,UK,Desktop,0.321
U01276,2025-03-20,Organic Search,0.0,USA,Mobile,0.182
U01277,2025-12-02,Paid Social,34.19,India,Desktop,0.569
U01278,2026-07-08,Referral,4.05,USA,Desktop,0.34
U01279,2025-05-31,Email,2.48,India,Desktop,0.411
U01280,2025-08-12,Referral,5.48,India,Desktop,0.518
U01281,2025-12-19,Referral,6.52,India,Desktop,0.655
U01282,2026-02-01,Paid Social,28.73,USA,Desktop,0.43
U01283,2026-04-08,Paid Search,23.73,Canada,Desktop,0.501
U01284,2025-06-21,Email,2.46,USA,Mobile,0.35
U01285,2025-07-20,Email,3.77,India,Desktop,0.275
U01286,2026-05-20,Paid Search,34.05,UK,Desktop,0.283
U01287,2026-02-14,Referral,4.17,Australia,Mobile,0.486
U01288,2026-01-25,Organic Search,0.0,UK,Desktop,0.597
U01289,2025-08-01,Email,2.69,USA,Desktop,0.407
U01290,2025-04-20,Organic Search,0.0,India,Desktop,0.591
U01291,2025-03-06,Referral,12.72,India,Desktop,0.477
U01292,2025-07-08,Email,6.52,UK,Desktop,0.653
U01293,2026-05-15,Affiliate,17.76,India,Mobile,0.394
U01294,2025-05-11,Paid Search,16.35,USA,Mobile,0.273
U01295,2025-04-10,Content/SEO,0.0,USA,Desktop,0.599
U01296,2025-05-11,Paid Social,34.95,India,Desktop,0.138
U01297,2025-12-03,Referral,2.3,Australia,Mobile,0.382
U01298,2026-02-06,Referral,8.14,USA,Desktop,0.914
U01299,2025-10-19,Paid Social,30.62,USA,Tablet,0.507
U01300,2025-12-16,Referral,3.49,UAE,Mobile,0.48
U01301,2025-07-25,Paid Social,20.93,India,Desktop,0.457
U01302,2025-07-16,Paid Social,30.37,USA,Desktop,0.431
U01303,2026-06-15,Organic Search,0.0,USA,Mobile,0.11
U01304,2025-11-23,Paid Search,43.81,India,Desktop,0.144
U01305,2026-05-08,Organic Search,0.0,UAE,Desktop,0.346
U01306,2025-11-25,Content/SEO,0.0,UK,Mobile,0.572
U01307,2026-03-19,Email,4.92,USA,Desktop,0.697
U01308,2025-04-04,Organic Search,0.0,Germany,Desktop,0.677
U01309,2026-07-30,Referral,5.38,Australia,Desktop,0.663
U01310,2026-06-18,Paid Search,18.07,Brazil,Desktop,0.346
U01311,2026-03-13,Paid Search,16.97,Australia,Desktop,0.426
U01312,2026-06-05,Paid Social,8.52,UK,Desktop,0.176
U01313,2025-05-30,Organic Search,0.0,USA,Desktop,0.023
U01314,2026-05-13,Referral,2.4,USA,Desktop,0.347
U01315,2026-02-20,Paid Search,28.42,Germany,Desktop,0.62
U01316,2025-11-10,Paid Search,42.49,Australia,Mobile,0.581
U01317,2026-04-12,Paid Social,33.2,India,Desktop,0.261
U01318,2026-06-18,Organic Search,0.0,Australia,Desktop,0.086
U01319,2026-07-15,Organic Search,0.0,UK,Desktop,0.245
U01320,2026-04-11,Referral,3.25,USA,Desktop,0.705
U01321,2025-05-25,Organic Search,0.0,USA,Desktop,0.678
U01322,2026-06-11,Affiliate,23.74,UK,Desktop,0.207
U01323,2025-09-17,Organic Search,0.0,Germany,Mobile,0.502
U01324,2025-04-03,Paid Search,72.29,USA,Desktop,0.595
U01325,2026-03-28,Affiliate,22.74,Australia,Desktop,0.229
U01326,2026-02-14,Email,2.64,UK,Mobile,0.637
U01327,2025-10-09,Email,1.3,USA,Mobile,0.655
U01328,2026-02-21,Paid Search,41.94,Canada,Desktop,0.577
U01329,2026-02-23,Paid Social,28.79,UK,Desktop,0.29
U01330,2026-03-24,Paid Search,29.51,USA,Desktop,0.544
U01331,2025-07-30,Email,0.0,India,Desktop,0.319
U01332,2025-06-25,Organic Search,0.0,USA,Desktop,0.088
U01333,2025-08-29,Referral,5.49,USA,Mobile,0.828
U01334,2025-05-21,Paid Social,28.39,USA,Desktop,0.13
U01335,2026-01-05,Organic Search,0.0,UK,Mobile,0.324
U01336,2025-06-02,Email,4.01,Canada,Mobile,0.299
U01337,2025-11-14,Paid Social,10.26,India,Desktop,0.243
U01338,2026-06-17,Paid Social,23.74,USA,Mobile,0.244
U01339,2025-09-11,Content/SEO,0.0,India,Desktop,0.337
U01340,2025-08-19,Content/SEO,0.0,Canada,Mobile,0.092
U01341,2025-12-12,Organic Search,0.0,USA,Desktop,0.481
U01342,2026-01-18,Paid Search,46.92,Australia,Desktop,0.496
U01343,2026-05-02,Email,6.8,India,Desktop,0.443
U01344,2025-05-23,Content/SEO,0.0,Canada,Desktop,0.575
U01345,2026-01-28,Organic Search,0.0,USA,Mobile,0.575
U01346,2025-07-16,Referral,5.87,India,Desktop,0.4
U01347,2026-03-05,Organic Search,0.0,Germany,Desktop,0.313
U01348,2025-05-07,Email,4.75,India,Desktop,0.211
U01349,2025-08-07,Paid Search,26.71,Germany,Mobile,0.371
U01350,2026-06-09,Paid Social,36.65,Canada,Desktop,0.368
U01351,2025-06-01,Paid Search,29.28,UK,Desktop,0.458
U01352,2025-08-17,Paid Search,48.52,India,Mobile,0.405
U01353,2026-06-25,Content/SEO,0.0,Australia,Mobile,0.591
U01354,2025-06-14,Content/SEO,0.0,India,Mobile,0.194
U01355,2025-12-07,Organic Search,0.0,USA,Desktop,0.88
U01356,2025-10-20,Paid Search,27.77,UK,Mobile,0.611
U01357,2026-01-06,Content/SEO,0.0,USA,Tablet,0.333
U01358,2025-07-11,Organic Search,0.0,USA,Desktop,0.516
U01359,2025-06-01,Affiliate,7.91,India,Desktop,0.679
U01360,2026-01-26,Paid Search,13.45,USA,Desktop,0.873
U01361,2025-07-06,Paid Search,36.6,UAE,Desktop,0.686
U01362,2025-11-16,Paid Social,23.12,Germany,Desktop,0.635
U01363,2025-12-07,Affiliate,30.62,Australia,Mobile,0.317
U01364,2025-10-22,Paid Social,18.93,USA,Mobile,0.58
U01365,2025-05-13,Content/SEO,0.0,USA,Desktop,0.248
U01366,2026-03-25,Referral,3.67,India,Desktop,0.666
U01367,2026-02-18,Organic Search,0.0,USA,Desktop,0.185
U01368,2026-05-07,Organic Search,0.0,USA,Tablet,0.503
U01369,2025-10-11,Content/SEO,0.0,India,Desktop,0.336
U01370,2026-05-11,Referral,3.73,India,Mobile,0.052
U01371,2025-11-17,Organic Search,0.0,USA,Desktop,0.168
U01372,2025-11-18,Email,5.21,Brazil,Desktop,0.472
U01373,2026-07-19,Affiliate,27.63,USA,Desktop,0.772
U01374,2025-11-30,Organic Search,0.0,Brazil,Desktop,0.461
U01375,2026-03-01,Paid Search,29.6,India,Desktop,0.537
U01376,2025-06-29,Organic Search,0.0,USA,Tablet,0.705
U01377,2025-06-01,Content/SEO,0.0,UAE,Mobile,0.647
U01378,2025-06-12,Content/SEO,0.0,UK,Mobile,0.053
U01379,2026-05-08,Affiliate,34.74,UK,Mobile,0.366
U01380,2025-01-11,Content/SEO,0.0,UAE,Desktop,0.266
U01381,2025-05-19,Paid Social,15.49,UK,Desktop,0.549
U01382,2026-01-13,Organic Search,0.0,USA,Mobile,0.647
U01383,2026-06-19,Affiliate,21.86,Germany,Desktop,0.364
U01384,2025-04-28,Paid Search,25.97,UAE,Desktop,0.412
U01385,2026-03-30,Organic Search,0.0,Australia,Desktop,0.328
U01386,2025-12-29,Organic Search,0.0,Germany,Mobile,0.614
U01387,2026-05-08,Organic Search,0.0,Brazil,Desktop,0.403
U01388,2026-06-24,Paid Search,17.27,Brazil,Desktop,0.422
U01389,2026-07-08,Affiliate,23.21,Germany,Mobile,0.248
U01390,2026-04-11,Paid Social,41.35,USA,Mobile,0.477
U01391,2025-06-23,Email,5.83,USA,Desktop,0.601
U01392,2026-05-24,Paid Search,30.13,UK,Desktop,0.513
U01393,2026-03-26,Organic Search,0.0,Brazil,Mobile,0.085
U01394,2026-06-03,Referral,3.9,UK,Mobile,0.543
U01395,2025-12-31,Paid Social,38.2,USA,Desktop,0.084
U01396,2026-02-25,Referral,7.77,India,Tablet,0.566
U01397,2025-09-19,Email,4.28,Australia,Desktop,0.383
U01398,2025-09-16,Affiliate,22.84,Brazil,Desktop,0.58
U01399,2026-04-08,Paid Search,33.59,UK,Desktop,0.354
U01400,2025-04-25,Content/SEO,0.0,India,Desktop,0.377
U01401,2026-04-28,Paid Social,41.95,India,Mobile,0.438
U01402,2026-04-30,Organic Search,0.0,UAE,Mobile,0.166
U01403,2025-08-07,Paid Social,22.48,Germany,Desktop,0.256
U01404,2025-06-06,Organic Search,0.0,UK,Desktop,0.51
U01405,2026-04-10,Referral,6.47,USA,Desktop,0.4
U01406,2026-05-08,Paid Search,67.03,India,Desktop,0.401
U01407,2025-04-12,Paid Search,18.2,India,Desktop,0.385
U01408,2025-09-14,Content/SEO,0.0,India,Mobile,0.192
U01409,2026-01-14,Paid Search,38.29,USA,Desktop,0.749
U01410,2026-05-13,Referral,4.06,USA,Desktop,0.543
U01411,2026-04-08,Paid Search,48.6,USA,Desktop,0.417
U01412,2025-10-11,Paid Search,39.64,USA,Tablet,0.23
U01413,2025-10-06,Organic Search,0.0,Australia,Desktop,0.32
U01414,2025-12-05,Paid Social,10.9,UAE,Mobile,0.2
U01415,2025-09-22,Paid Social,42.72,Canada,Mobile,0.292
U01416,2025-07-09,Paid Search,55.55,UK,Desktop,0.433
U01417,2026-04-06,Paid Search,46.36,Germany,Desktop,0.688
U01418,2026-01-27,Content/SEO,0.0,India,Mobile,0.713
U01419,2026-03-11,Paid Social,24.94,India,Desktop,0.571
U01420,2026-06-04,Referral,1.45,Brazil,Desktop,0.204
U01421,2025-12-15,Organic Search,0.0,USA,Mobile,0.269
U01422,2025-12-12,Affiliate,19.62,USA,Desktop,0.42
U01423,2025-08-11,Referral,3.86,USA,Mobile,0.125
U01424,2025-09-07,Paid Search,25.37,Germany,Desktop,0.569
U01425,2026-01-22,Content/SEO,0.0,Brazil,Desktop,0.517
U01426,2026-02-19,Paid Search,34.7,UK,Desktop,0.345
U01427,2025-05-03,Organic Search,0.0,Australia,Desktop,0.474
U01428,2026-03-22,Referral,7.48,UK,Mobile,0.138
U01429,2026-06-26,Organic Search,0.0,USA,Desktop,0.632
U01430,2025-07-06,Paid Search,41.5,USA,Desktop,0.323
U01431,2026-02-03,Referral,9.27,USA,Desktop,0.304
U01432,2025-06-13,Email,2.9,India,Desktop,0.366
U01433,2026-06-15,Affiliate,21.8,India,Desktop,0.286
U01434,2025-09-17,Organic Search,0.0,Canada,Mobile,0.608
U01435,2026-03-20,Affiliate,38.78,Germany,Desktop,0.492
U01436,2025-07-19,Organic Search,0.0,USA,Desktop,0.957
U01437,2025-06-30,Email,4.19,UK,Desktop,0.283
U01438,2025-06-12,Paid Search,67.75,Canada,Desktop,0.319
U01439,2025-09-15,Paid Search,38.35,USA,Mobile,0.145
U01440,2026-03-09,Email,1.72,India,Desktop,0.55
U01441,2026-02-10,Paid Search,59.07,UK,Desktop,0.233
U01442,2025-04-30,Email,3.41,USA,Mobile,0.205
U01443,2025-11-12,Email,3.93,India,Desktop,0.145
U01444,2025-08-19,Affiliate,20.24,UK,Desktop,0.33
U01445,2026-05-13,Paid Social,26.55,UAE,Mobile,0.779
U01446,2026-07-23,Organic Search,0.0,UK,Mobile,0.468
U01447,2026-02-25,Referral,6.38,UK,Desktop,0.727
U01448,2026-04-17,Referral,8.98,India,Desktop,0.495
U01449,2026-06-26,Paid Social,29.14,Australia,Desktop,0.499
U01450,2026-02-02,Paid Search,44.13,USA,Desktop,0.242
U01451,2025-04-28,Organic Search,0.0,Australia,Mobile,0.049
U01452,2025-07-27,Paid Search,55.4,India,Desktop,0.103
U01453,2026-01-27,Affiliate,21.01,UAE,Desktop,0.195
U01454,2026-02-07,Organic Search,0.0,India,Desktop,0.293
U01455,2025-02-04,Paid Search,24.03,USA,Desktop,0.049
U01456,2025-07-31,Paid Social,0.0,UK,Desktop,0.74
U01457,2025-06-29,Organic Search,0.0,Canada,Desktop,0.23
U01458,2025-05-08,Paid Search,52.14,USA,Desktop,0.44
U01459,2025-07-08,Paid Search,35.66,Canada,Mobile,0.211
U01460,2025-12-13,Content/SEO,0.0,Germany,Desktop,0.228
U01461,2025-10-18,Content/SEO,0.0,Australia,Desktop,0.323
U01462,2026-06-27,Email,2.69,USA,Desktop,0.601
U01463,2026-07-19,Referral,5.4,UK,Desktop,0.215
U01464,2026-06-02,Referral,3.44,USA,Desktop,0.345
U01465,2025-08-17,Organic Search,0.0,UK,Desktop,0.324
U01466,2026-04-25,Organic Search,0.0,USA,Mobile,0.537
U01467,2026-02-25,Content/SEO,0.0,USA,Desktop,0.143
U01468,2026-07-07,Paid Social,27.16,India,Desktop,0.629
U01469,2025-01-28,Content/SEO,0.0,UAE,Desktop,0.226
U01470,2026-01-09,Content/SEO,0.0,India,Mobile,0.475
U01471,2026-05-05,Affiliate,19.65,USA,Mobile,0.488
U01472,2025-12-14,Organic Search,0.0,India,Desktop,0.178
U01473,2026-01-19,Email,1.91,Australia,Mobile,0.249
U01474,2026-02-05,Organic Search,0.0,Canada,Desktop,0.156
U01475,2025-04-20,Content/SEO,0.0,India,Mobile,0.518
U01476,2026-03-25,Organic Search,0.0,India,Mobile,0.448
U01477,2026-05-05,Paid Social,36.82,UAE,Desktop,0.729
U01478,2025-10-15,Referral,6.87,India,Desktop,0.899
U01479,2025-09-03,Referral,5.14,USA,Mobile,0.675
U01480,2026-06-19,Paid Social,25.66,USA,Mobile,0.493
U01481,2025-11-04,Organic Search,0.0,Brazil,Mobile,0.207
U01482,2025-06-10,Organic Search,0.0,USA,Mobile,0.236
U01483,2025-08-27,Paid Search,19.58,USA,Desktop,0.703
U01484,2025-03-24,Organic Search,0.0,Canada,Desktop,0.264
U01485,2026-03-18,Organic Search,0.0,Canada,Desktop,0.402
U01486,2026-04-16,Referral,5.4,India,Desktop,0.27
U01487,2025-06-14,Organic Search,0.0,USA,Desktop,0.296
U01488,2026-01-30,Affiliate,10.75,UAE,Mobile,0.173
U01489,2025-11-26,Organic Search,0.0,Germany,Mobile,0.237
U01490,2026-04-19,Content/SEO,0.0,USA,Desktop,0.21
U01491,2026-03-03,Affiliate,11.67,Canada,Mobile,0.715
U01492,2026-02-03,Content/SEO,0.0,India,Desktop,0.387
U01493,2026-04-01,Referral,5.12,India,Desktop,0.313
U01494,2026-06-29,Email,0.34,India,Desktop,0.197
U01495,2025-05-30,Paid Search,36.7,Germany,Desktop,0.724
U01496,2025-06-26,Organic Search,0.0,India,Mobile,0.171
U01497,2025-06-30,Paid Search,20.81,Australia,Mobile,0.292
U01498,2026-04-28,Paid Social,21.77,USA,Desktop,0.183
U01499,2026-05-14,Paid Search,26.06,USA,Desktop,0.303
U01500,2025-08-13,Organic Search,0.0,UK,Desktop,0.511
U01501,2026-07-18,Organic Search,0.0,USA,Mobile,0.93
U01502,2025-04-26,Content/SEO,0.0,USA,Mobile,0.031
U01503,2025-12-08,Referral,7.61,UK,Desktop,0.669
U01504,2026-06-10,Paid Social,12.08,India,Desktop,0.534
U01505,2025-06-08,Referral,7.28,India,Mobile,0.174
U01506,2026-01-27,Organic Search,0.0,UK,Desktop,0.126
U01507,2025-07-17,Email,4.45,USA,Mobile,0.658
U01508,2025-08-06,Organic Search,0.0,India,Desktop,0.2
U01509,2025-09-06,Referral,9.25,Australia,Mobile,0.184
U01510,2025-07-05,Paid Social,33.56,Germany,Desktop,0.237
U01511,2025-08-23,Paid Search,43.01,UK,Desktop,0.241
U01512,2025-10-26,Affiliate,29.45,USA,Desktop,0.456
U01513,2026-06-20,Email,5.0,USA,Mobile,0.681
U01514,2026-05-24,Organic Search,0.0,UK,Mobile,0.499
U01515,2026-01-07,Paid Social,37.78,India,Mobile,0.787
U01516,2025-04-28,Email,7.02,USA,Desktop,0.644
U01517,2025-08-25,Organic Search,0.0,India,Tablet,0.513
U01518,2026-07-29,Affiliate,14.57,USA,Mobile,0.605
U01519,2025-05-12,Paid Social,12.91,USA,Desktop,0.669
U01520,2025-06-26,Paid Search,47.0,UK,Desktop,0.311
U01521,2026-02-25,Content/SEO,0.0,India,Desktop,0.662
U01522,2025-11-23,Referral,4.33,India,Desktop,0.505
U01523,2025-07-11,Referral,3.7,Brazil,Desktop,0.104
U01524,2025-11-14,Organic Search,0.0,India,Desktop,0.41
U01525,2025-05-02,Organic Search,0.0,UAE,Desktop,0.691
U01526,2025-07-28,Paid Search,38.61,India,Tablet,0.633
U01527,2025-07-09,Paid Search,31.01,India,Mobile,0.233
U01528,2025-11-30,Paid Social,41.88,Canada,Desktop,0.877
U01529,2025-07-12,Referral,3.35,USA,Mobile,0.283
U01530,2026-02-04,Affiliate,11.09,USA,Tablet,0.276
U01531,2026-02-18,Paid Social,13.55,India,Mobile,0.484
U01532,2025-08-01,Affiliate,10.73,UK,Desktop,0.16
U01533,2026-05-24,Affiliate,13.64,India,Desktop,0.377
U01534,2025-10-22,Paid Search,44.59,Australia,Desktop,0.207
U01535,2026-07-03,Email,0.38,Germany,Desktop,0.793
U01536,2025-04-22,Paid Social,48.65,UK,Mobile,0.506
U01537,2025-08-07,Organic Search,0.0,USA,Desktop,0.306
U01538,2026-03-31,Organic Search,0.0,India,Desktop,0.415
U01539,2026-05-06,Paid Search,46.52,Australia,Desktop,0.517
U01540,2025-09-26,Paid Search,57.47,Brazil,Mobile,0.274
U01541,2025-06-18,Content/SEO,0.0,Canada,Desktop,0.443
U01542,2025-02-18,Email,4.34,Germany,Desktop,0.392
U01543,2025-06-13,Email,5.36,UK,Desktop,0.409
U01544,2026-06-20,Content/SEO,0.0,UK,Desktop,0.456
U01545,2025-06-20,Organic Search,0.0,Canada,Desktop,0.112
U01546,2025-08-09,Content/SEO,0.0,India,Mobile,0.869
U01547,2026-04-25,Email,0.0,USA,Mobile,0.431
U01548,2025-09-19,Referral,4.85,USA,Mobile,0.432
U01549,2025-11-27,Paid Search,47.97,India,Desktop,0.772
U01550,2026-06-14,Paid Social,19.63,USA,Desktop,0.126
U01551,2025-10-11,Paid Search,45.09,USA,Mobile,0.123
U01552,2025-06-01,Paid Search,13.97,India,Desktop,0.413
U01553,2026-07-08,Paid Social,27.42,USA,Desktop,0.15
U01554,2025-12-02,Paid Search,22.3,USA,Desktop,0.571
U01555,2025-11-11,Referral,9.13,USA,Desktop,0.359
U01556,2026-02-14,Organic Search,0.0,India,Mobile,0.481
U01557,2026-02-25,Organic Search,0.0,USA,Desktop,0.289
U01558,2026-02-21,Paid Social,12.64,Germany,Desktop,0.465
U01559,2025-07-20,Referral,3.67,Canada,Desktop,0.36
U01560,2026-01-07,Organic Search,0.0,Canada,Desktop,0.91
U01561,2025-09-18,Affiliate,9.92,USA,Mobile,0.512
U01562,2025-08-25,Paid Social,36.44,India,Desktop,0.476
U01563,2026-01-21,Referral,3.22,USA,Desktop,0.373
U01564,2025-10-18,Affiliate,25.08,UK,Tablet,0.095
U01565,2026-02-16,Paid Social,27.51,USA,Desktop,0.387
U01566,2026-01-06,Content/SEO,0.0,USA,Desktop,0.319
U01567,2026-03-26,Content/SEO,0.0,Australia,Desktop,0.168
U01568,2026-06-23,Organic Search,0.0,UAE,Mobile,0.302
U01569,2025-05-29,Email,5.84,Australia,Desktop,0.32
U01570,2025-07-17,Referral,10.72,USA,Desktop,0.256
U01571,2025-08-03,Organic Search,0.0,USA,Desktop,0.405
U01572,2025-06-25,Organic Search,0.0,UK,Desktop,0.332
U01573,2026-03-06,Paid Social,22.2,Canada,Desktop,0.401
U01574,2025-06-23,Referral,4.63,USA,Desktop,0.676
U01575,2026-05-18,Referral,5.07,USA,Desktop,0.735
U01576,2026-01-16,Paid Search,30.08,Canada,Desktop,0.251
U01577,2025-01-25,Organic Search,0.0,Germany,Desktop,0.804
U01578,2026-03-14,Paid Search,55.17,USA,Mobile,0.612
U01579,2026-04-11,Referral,4.42,Australia,Desktop,0.413
U01580,2026-02-21,Email,3.26,Germany,Desktop,0.525
U01581,2025-08-12,Paid Search,33.95,UAE,Desktop,0.56
U01582,2025-01-20,Paid Search,28.92,Australia,Desktop,0.46
U01583,2025-03-11,Organic Search,0.0,India,Desktop,0.359
U01584,2026-02-11,Affiliate,27.54,USA,Desktop,0.54
U01585,2026-03-23,Paid Social,10.63,India,Desktop,0.45
U01586,2025-12-17,Organic Search,0.0,India,Desktop,0.457
U01587,2025-12-02,Referral,0.0,USA,Tablet,0.398
U01588,2026-06-08,Paid Social,46.05,Australia,Mobile,0.227
U01589,2025-09-21,Email,4.15,Brazil,Mobile,0.21
U01590,2026-07-19,Organic Search,0.0,UK,Desktop,0.243
U01591,2026-02-11,Organic Search,0.0,Brazil,Mobile,0.397
U01592,2025-07-26,Organic Search,0.0,India,Tablet,0.522
U01593,2026-01-30,Referral,6.2,UK,Desktop,0.22
U01594,2026-04-12,Paid Search,35.35,USA,Tablet,0.132
U01595,2026-05-27,Email,1.07,India,Desktop,0.655
U01596,2025-07-13,Organic Search,0.0,USA,Desktop,0.387
U01597,2026-07-17,Content/SEO,0.0,Australia,Desktop,0.25
U01598,2026-01-27,Content/SEO,0.0,UK,Desktop,0.489
U01599,2026-05-24,Affiliate,29.1,UAE,Desktop,0.208
U01600,2025-10-23,Affiliate,11.57,Brazil,Desktop,0.175
U01601,2026-07-11,Paid Social,46.6,UAE,Desktop,0.358
U01602,2025-06-17,Paid Search,14.0,Brazil,Mobile,0.15
U01603,2025-12-17,Content/SEO,0.0,Brazil,Desktop,0.498
U01604,2025-11-07,Paid Social,38.87,India,Mobile,0.483
U01605,2025-05-11,Email,3.34,Brazil,Desktop,0.312
U01606,2025-02-02,Content/SEO,0.0,USA,Desktop,0.566
U01607,2026-07-12,Content/SEO,0.0,UK,Desktop,0.508
U01608,2025-09-08,Referral,13.32,USA,Desktop,0.531
U01609,2025-09-14,Referral,2.5,India,Mobile,0.222
U01610,2025-05-31,Paid Social,34.96,India,Desktop,0.192
U01611,2025-05-09,Content/SEO,0.0,India,Mobile,0.08
U01612,2025-04-05,Paid Social,37.85,USA,Desktop,0.367
U01613,2026-07-22,Organic Search,0.0,Canada,Desktop,0.656
U01614,2025-04-01,Paid Search,52.34,India,Mobile,0.186
U01615,2025-12-09,Affiliate,17.72,Canada,Desktop,0.562
U01616,2026-04-13,Affiliate,23.4,UAE,Mobile,0.164
U01617,2026-07-30,Paid Social,22.45,India,Desktop,0.598
U01618,2026-05-11,Paid Search,17.84,India,Desktop,0.317
U01619,2025-08-27,Content/SEO,0.0,India,Desktop,0.277
U01620,2026-06-24,Referral,3.03,Canada,Desktop,0.292
U01621,2025-03-19,Paid Social,16.31,Brazil,Mobile,0.278
U01622,2025-08-04,Paid Social,30.0,India,Mobile,0.73
U01623,2026-07-26,Organic Search,0.0,UAE,Desktop,0.399
U01624,2025-11-02,Paid Search,30.49,Canada,Desktop,0.199
U01625,2025-08-05,Paid Social,26.16,UK,Desktop,0.291
U01626,2025-09-14,Paid Search,47.5,India,Desktop,0.644
U01627,2025-06-27,Email,3.92,India,Desktop,0.67
U01628,2025-05-27,Referral,0.99,USA,Desktop,0.196
U01629,2026-04-02,Organic Search,0.0,Australia,Desktop,0.088
U01630,2025-07-30,Content/SEO,0.0,USA,Mobile,0.656
U01631,2025-02-04,Affiliate,32.71,Germany,Desktop,0.449
U01632,2026-01-17,Paid Social,47.62,India,Desktop,0.62
U01633,2026-08-05,Referral,8.16,Germany,Desktop,0.21
U01634,2026-03-20,Paid Social,23.53,USA,Mobile,0.515
U01635,2025-11-25,Email,1.8,Canada,Mobile,0.673
U01636,2026-01-13,Organic Search,0.0,USA,Desktop,0.387
U01637,2026-04-29,Paid Search,34.26,UK,Desktop,0.333
U01638,2025-12-26,Content/SEO,0.0,India,Tablet,0.082
U01639,2025-07-13,Paid Search,32.0,India,Mobile,0.484
U01640,2026-01-27,Email,3.67,UK,Mobile,0.136
U01641,2025-12-23,Organic Search,0.0,Australia,Desktop,0.428
U01642,2025-12-20,Content/SEO,0.0,India,Desktop,0.245
U01643,2026-07-06,Content/SEO,0.0,India,Mobile,0.277
U01644,2025-11-27,Organic Search,0.0,USA,Desktop,0.17
U01645,2026-02-23,Referral,0.84,USA,Desktop,0.083
U01646,2025-08-28,Email,5.8,UK,Desktop,0.694
U01647,2025-07-22,Email,4.73,USA,Desktop,0.803
U01648,2026-05-20,Paid Social,0.0,India,Desktop,0.101
U01649,2025-09-14,Referral,2.28,USA,Desktop,0.295
U01650,2026-02-04,Referral,5.72,UK,Mobile,0.505
U01651,2025-11-23,Organic Search,0.0,USA,Mobile,0.344
U01652,2026-04-01,Organic Search,0.0,Australia,Mobile,0.362
U01653,2025-10-02,Email,2.2,USA,Mobile,0.331
U01654,2026-03-27,Organic Search,0.0,India,Desktop,0.358
U01655,2025-09-08,Referral,6.77,UK,Mobile,0.412
U01656,2025-12-21,Referral,3.37,Canada,Desktop,0.708
U01657,2025-04-09,Paid Social,33.83,UK,Mobile,0.682
U01658,2026-04-26,Organic Search,0.0,USA,Desktop,0.364
U01659,2025-08-14,Paid Search,35.83,USA,Desktop,0.383
U01660,2025-04-02,Paid Social,38.27,USA,Desktop,0.443
U01661,2025-11-12,Referral,3.32,USA,Desktop,0.294
U01662,2026-04-12,Paid Social,16.33,Germany,Desktop,0.555
U01663,2026-05-12,Organic Search,0.0,Canada,Mobile,0.516
U01664,2026-06-21,Affiliate,17.04,India,Mobile,0.263
U01665,2026-08-02,Affiliate,17.75,UAE,Desktop,0.243
U01666,2026-04-20,Referral,4.68,India,Desktop,0.53
U01667,2025-10-12,Affiliate,18.17,India,Desktop,0.562
U01668,2026-07-06,Referral,7.19,India,Mobile,0.555
U01669,2026-01-05,Paid Social,27.38,USA,Desktop,0.271
U01670,2025-04-15,Content/SEO,0.0,UAE,Desktop,0.453
U01671,2026-02-13,Organic Search,0.0,UK,Desktop,0.512
U01672,2026-02-23,Email,1.71,Canada,Tablet,0.305
U01673,2026-02-01,Paid Social,20.11,India,Desktop,0.477
U01674,2026-05-31,Referral,5.87,USA,Desktop,0.663
U01675,2025-05-01,Paid Search,37.11,Canada,Desktop,0.607
U01676,2026-03-01,Paid Social,29.86,India,Desktop,0.345
U01677,2025-05-28,Referral,8.95,India,Mobile,0.207
U01678,2026-07-27,Referral,9.16,USA,Desktop,0.102
U01679,2025-04-18,Paid Search,40.29,India,Mobile,0.719
U01680,2025-12-21,Email,3.08,Canada,Mobile,0.432
U01681,2026-06-21,Paid Social,43.44,UK,Mobile,0.4
U01682,2025-11-08,Paid Social,31.29,India,Mobile,0.549
U01683,2025-09-15,Paid Social,9.82,Canada,Mobile,0.215
U01684,2026-06-15,Paid Search,43.28,Canada,Desktop,0.066
U01685,2025-07-27,Paid Social,42.52,USA,Mobile,0.462
U01686,2025-07-06,Content/SEO,0.0,Brazil,Desktop,0.285
U01687,2025-10-23,Affiliate,37.73,USA,Desktop,0.208
U01688,2025-06-08,Affiliate,20.51,UK,Mobile,0.589
U01689,2025-12-02,Referral,3.43,India,Desktop,0.665
U01690,2026-05-07,Email,6.34,Canada,Mobile,0.606
U01691,2025-05-09,Paid Search,31.65,USA,Desktop,0.226
U01692,2025-03-19,Paid Social,9.16,USA,Desktop,0.476
U01693,2025-11-21,Affiliate,9.21,USA,Desktop,0.216
U01694,2025-12-07,Organic Search,0.0,Canada,Mobile,0.531
U01695,2026-04-20,Email,7.97,India,Desktop,0.328
U01696,2026-07-10,Paid Social,50.67,India,Desktop,0.569
U01697,2025-11-11,Affiliate,13.67,Canada,Desktop,0.694
U01698,2025-09-20,Content/SEO,0.0,USA,Mobile,0.226
U01699,2025-08-10,Email,0.5,Brazil,Mobile,0.109
U01700,2025-02-03,Organic Search,0.0,Canada,Desktop,0.592
U01701,2025-10-05,Content/SEO,0.0,UK,Desktop,0.241
U01702,2025-01-23,Affiliate,14.85,Germany,Desktop,0.768
U01703,2026-03-05,Organic Search,0.0,India,Desktop,0.426
U01704,2025-06-17,Paid Social,19.64,Germany,Desktop,0.318
U01705,2025-11-03,Referral,10.91,India,Mobile,0.168
U01706,2026-01-10,Paid Search,54.23,USA,Desktop,0.508
U01707,2025-09-16,Paid Search,17.35,India,Desktop,0.686
U01708,2026-01-07,Organic Search,0.0,USA,Desktop,0.508
U01709,2025-12-12,Referral,8.93,India,Desktop,0.183
U01710,2025-11-22,Paid Search,57.67,India,Desktop,0.105
U01711,2026-06-13,Content/SEO,0.0,USA,Desktop,0.549
U01712,2025-10-02,Organic Search,0.0,UK,Desktop,0.431
U01713,2026-01-15,Paid Social,30.77,USA,Desktop,0.295
U01714,2025-10-24,Referral,6.02,USA,Desktop,0.387
U01715,2025-02-13,Paid Social,29.72,USA,Desktop,0.146
U01716,2025-03-06,Referral,3.1,Australia,Mobile,0.711
U01717,2025-02-26,Referral,3.21,India,Mobile,0.049
U01718,2026-04-09,Content/SEO,0.0,Germany,Desktop,0.509
U01719,2025-07-11,Affiliate,21.11,Canada,Desktop,0.125
U01720,2026-05-02,Organic Search,0.0,Australia,Mobile,0.339
U01721,2026-06-29,Paid Social,25.98,India,Mobile,0.438
U01722,2025-08-26,Content/SEO,0.0,India,Desktop,0.624
U01723,2025-12-30,Paid Search,16.88,Australia,Desktop,0.601
U01724,2025-02-01,Email,3.38,India,Mobile,0.218
U01725,2025-08-31,Referral,4.55,Canada,Mobile,0.366
U01726,2025-04-27,Paid Social,53.43,USA,Desktop,0.311
U01727,2025-11-27,Paid Search,21.08,India,Desktop,0.418
U01728,2026-07-03,Content/SEO,0.0,UK,Desktop,0.871
U01729,2026-05-18,Organic Search,0.0,Australia,Mobile,0.65
U01730,2026-05-08,Paid Search,51.63,Germany,Mobile,0.57
U01731,2026-04-08,Paid Social,26.43,India,Desktop,0.17
U01732,2025-05-27,Referral,5.26,UK,Tablet,0.464
U01733,2025-03-03,Paid Search,39.85,India,Mobile,0.386
U01734,2026-03-05,Referral,7.45,Canada,Desktop,0.282
U01735,2026-03-04,Content/SEO,0.0,UK,Desktop,0.293
U01736,2026-05-31,Referral,0.0,USA,Mobile,0.286
U01737,2025-08-22,Referral,5.14,India,Desktop,0.23
U01738,2025-08-16,Paid Social,46.64,UK,Mobile,0.36
U01739,2025-05-29,Organic Search,0.0,UAE,Desktop,0.445
U01740,2026-04-13,Organic Search,0.0,Australia,Mobile,0.389
U01741,2026-03-25,Paid Search,56.42,India,Mobile,0.568
U01742,2026-04-07,Organic Search,0.0,Australia,Mobile,0.726
U01743,2026-03-21,Email,2.55,UK,Desktop,0.408
U01744,2025-11-29,Organic Search,0.0,USA,Desktop,0.702
U01745,2025-12-01,Paid Search,49.86,UK,Desktop,0.473
U01746,2025-01-21,Referral,7.22,India,Desktop,0.562
U01747,2026-02-22,Email,3.68,India,Tablet,0.645
U01748,2025-11-17,Paid Social,43.53,UAE,Desktop,0.571
U01749,2026-06-17,Organic Search,0.0,USA,Tablet,0.259
U01750,2025-08-29,Paid Social,31.02,USA,Desktop,0.824
U01751,2025-12-17,Paid Search,45.05,UK,Desktop,0.162
U01752,2025-07-23,Content/SEO,0.0,Australia,Desktop,0.076
U01753,2025-10-16,Email,0.77,Australia,Desktop,0.548
U01754,2026-07-14,Content/SEO,0.0,India,Desktop,0.423
U01755,2026-03-08,Paid Search,33.82,India,Desktop,0.456
U01756,2025-03-04,Referral,7.01,India,Desktop,0.114
U01757,2026-05-12,Paid Search,27.95,Brazil,Mobile,0.751
U01758,2026-06-15,Organic Search,0.0,UAE,Mobile,0.686
U01759,2025-06-17,Organic Search,0.0,USA,Desktop,0.057
U01760,2025-04-28,Content/SEO,0.0,India,Desktop,0.168
U01761,2025-07-31,Affiliate,27.98,USA,Mobile,0.251
U01762,2026-05-21,Paid Social,56.72,India,Mobile,0.427
U01763,2026-04-29,Referral,5.28,India,Desktop,0.339
U01764,2025-05-20,Paid Social,24.25,UK,Desktop,0.678
U01765,2025-09-28,Paid Search,39.89,USA,Desktop,0.369
U01766,2025-12-20,Referral,0.0,Australia,Desktop,0.662
U01767,2026-04-12,Paid Social,27.69,India,Desktop,0.2
U01768,2026-06-03,Paid Search,31.62,UAE,Desktop,0.259
U01769,2026-06-27,Content/SEO,0.0,USA,Desktop,0.203
U01770,2026-05-18,Referral,6.38,USA,Mobile,0.417
U01771,2025-07-10,Affiliate,34.33,UAE,Mobile,0.395
U01772,2026-02-08,Paid Social,12.85,USA,Mobile,0.139
U01773,2025-11-08,Organic Search,0.0,India,Mobile,0.544
U01774,2025-04-08,Affiliate,26.88,USA,Mobile,0.366
U01775,2025-08-07,Content/SEO,0.0,India,Desktop,0.55
U01776,2025-12-05,Paid Search,65.01,Canada,Desktop,0.266
U01777,2026-03-13,Paid Social,32.56,India,Mobile,0.554
U01778,2025-07-31,Paid Social,35.75,UAE,Mobile,0.472
U01779,2025-02-04,Paid Search,29.33,USA,Mobile,0.285
U01780,2026-02-01,Content/SEO,0.0,Canada,Desktop,0.507
U01781,2026-05-19,Organic Search,0.0,India,Desktop,0.572
U01782,2026-01-10,Organic Search,0.0,UAE,Mobile,0.402
U01783,2025-11-25,Referral,6.27,USA,Desktop,0.309
U01784,2026-05-24,Paid Social,29.62,Australia,Desktop,0.015
U01785,2026-03-04,Organic Search,0.0,USA,Mobile,0.559
U01786,2025-07-09,Organic Search,0.0,USA,Desktop,0.142
U01787,2025-09-01,Referral,3.38,USA,Desktop,0.671
U01788,2025-11-23,Content/SEO,0.0,USA,Mobile,0.351
U01789,2026-01-05,Paid Social,18.53,Canada,Mobile,0.09
U01790,2026-02-15,Paid Search,21.23,USA,Desktop,0.78
U01791,2025-10-09,Affiliate,14.2,USA,Desktop,0.584
U01792,2025-05-30,Affiliate,29.15,Canada,Desktop,0.505
U01793,2025-09-06,Paid Social,45.41,UK,Desktop,0.21
U01794,2025-10-12,Content/SEO,0.0,India,Mobile,0.309
U01795,2026-06-06,Content/SEO,0.0,USA,Desktop,0.446
U01796,2025-04-29,Paid Search,26.76,India,Mobile,0.561
U01797,2025-04-04,Content/SEO,0.0,UK,Desktop,0.428
U01798,2025-07-15,Content/SEO,0.0,India,Desktop,0.583
U01799,2026-04-19,Email,5.51,USA,Mobile,0.634
U01800,2026-03-24,Paid Social,25.3,Germany,Tablet,0.275
U01801,2025-10-29,Referral,3.0,USA,Mobile,0.275
U01802,2025-09-20,Referral,4.33,UAE,Desktop,0.334
U01803,2025-08-11,Email,2.27,Australia,Desktop,0.387
U01804,2026-01-20,Paid Search,51.19,USA,Mobile,0.666
U01805,2025-06-11,Paid Search,25.21,Canada,Mobile,0.715
U01806,2026-06-30,Content/SEO,0.0,UK,Desktop,0.355
U01807,2026-07-05,Paid Search,54.92,Germany,Desktop,0.273
U01808,2026-05-05,Paid Social,34.05,Germany,Mobile,0.219
U01809,2025-12-30,Organic Search,0.0,USA,Desktop,0.196
U01810,2025-07-31,Paid Social,40.63,USA,Desktop,0.258
U01811,2025-12-06,Organic Search,0.0,USA,Desktop,0.562
U01812,2025-07-26,Affiliate,14.92,Germany,Mobile,0.331
U01813,2025-03-09,Affiliate,28.59,UK,Mobile,0.833
U01814,2025-07-27,Organic Search,0.0,Australia,Desktop,0.206
U01815,2026-06-07,Referral,3.54,Brazil,Desktop,0.508
U01816,2026-03-27,Affiliate,19.98,Brazil,Mobile,0.177
U01817,2025-07-03,Paid Search,53.34,India,Mobile,0.286
U01818,2025-08-23,Referral,0.6,Brazil,Desktop,0.373
U01819,2026-03-06,Paid Social,54.5,Brazil,Mobile,0.354
U01820,2025-03-20,Paid Search,15.88,USA,Desktop,0.393
U01821,2025-05-30,Content/SEO,0.0,India,Desktop,0.442
U01822,2026-02-21,Organic Search,0.0,UAE,Desktop,0.342
U01823,2025-04-04,Paid Social,40.34,India,Mobile,0.217
U01824,2026-04-03,Referral,10.91,USA,Desktop,0.579
U01825,2025-09-20,Organic Search,0.0,Canada,Desktop,0.415
U01826,2026-03-16,Referral,6.49,Brazil,Mobile,0.394
U01827,2026-03-11,Organic Search,0.0,USA,Desktop,0.364
U01828,2025-10-17,Paid Search,29.38,India,Mobile,0.668
U01829,2025-04-04,Organic Search,0.0,Germany,Mobile,0.563
U01830,2025-09-02,Referral,0.44,USA,Mobile,0.663
U01831,2026-04-24,Email,0.33,UK,Desktop,0.297
U01832,2025-12-14,Affiliate,25.29,India,Desktop,0.125
U01833,2026-04-16,Email,2.89,Canada,Mobile,0.619
U01834,2026-02-20,Paid Social,18.35,USA,Tablet,0.411
U01835,2025-08-20,Content/SEO,0.0,India,Desktop,0.284
U01836,2026-03-16,Affiliate,22.65,India,Mobile,0.601
U01837,2026-01-06,Paid Social,18.72,UK,Tablet,0.38
U01838,2025-06-23,Organic Search,0.0,UK,Tablet,0.497
U01839,2026-07-09,Organic Search,0.0,India,Mobile,0.286
U01840,2026-07-21,Referral,1.56,USA,Desktop,0.31
U01841,2026-03-07,Paid Search,38.74,USA,Mobile,0.376
U01842,2025-10-02,Email,4.99,UK,Desktop,0.555
U01843,2025-08-07,Organic Search,0.0,UK,Mobile,0.584
U01844,2025-11-05,Organic Search,0.0,USA,Mobile,0.38
U01845,2026-05-22,Referral,8.48,India,Desktop,0.298
U01846,2025-02-12,Paid Social,35.71,India,Desktop,0.721
U01847,2025-10-11,Email,4.61,India,Tablet,0.854
U01848,2026-02-21,Organic Search,0.0,USA,Mobile,0.33
U01849,2025-06-19,Organic Search,0.0,USA,Mobile,0.313
U01850,2026-04-08,Referral,4.04,India,Mobile,0.207
U01851,2025-08-03,Email,4.07,USA,Desktop,0.481
U01852,2025-08-13,Affiliate,25.67,USA,Desktop,0.338
U01853,2026-01-08,Referral,8.82,India,Mobile,0.09
U01854,2025-06-04,Organic Search,0.0,Germany,Desktop,0.571
U01855,2025-10-28,Organic Search,0.0,USA,Desktop,0.82
U01856,2025-03-30,Content/SEO,0.0,India,Desktop,0.422
U01857,2025-02-18,Referral,2.13,Australia,Desktop,0.441
U01858,2025-02-02,Paid Social,24.59,Canada,Desktop,0.227
U01859,2025-12-25,Content/SEO,0.0,India,Mobile,0.227
U01860,2026-03-13,Affiliate,32.97,Germany,Desktop,0.23
U01861,2025-04-20,Affiliate,19.96,UK,Desktop,0.393
U01862,2026-06-18,Email,2.81,Canada,Mobile,0.486
U01863,2025-10-01,Referral,6.94,India,Desktop,0.251
U01864,2025-09-18,Organic Search,0.0,India,Mobile,0.535
U01865,2026-07-02,Paid Social,37.72,India,Mobile,0.124
U01866,2025-09-29,Organic Search,0.0,USA,Mobile,0.276
U01867,2026-06-23,Referral,4.54,Canada,Desktop,0.569
U01868,2026-05-20,Paid Social,29.34,USA,Desktop,0.244
U01869,2025-12-27,Organic Search,0.0,Germany,Mobile,0.703
U01870,2025-08-12,Paid Social,29.61,Australia,Mobile,0.145
U01871,2026-02-17,Referral,9.78,USA,Mobile,0.389
U01872,2026-07-05,Paid Social,28.19,India,Mobile,0.292
U01873,2025-09-04,Referral,5.66,USA,Desktop,0.527
U01874,2026-06-17,Paid Social,25.3,UAE,Mobile,0.103
U01875,2026-01-17,Content/SEO,0.0,India,Desktop,0.25
U01876,2025-07-10,Paid Search,29.2,USA,Desktop,0.721
U01877,2025-12-29,Organic Search,0.0,India,Mobile,0.536
U01878,2026-04-16,Paid Social,27.17,USA,Mobile,0.163
U01879,2025-12-24,Referral,5.69,USA,Desktop,0.131
U01880,2026-01-14,Content/SEO,0.0,Germany,Tablet,0.1
U01881,2025-03-11,Paid Social,50.34,USA,Mobile,0.407
U01882,2025-08-29,Organic Search,0.0,Germany,Desktop,0.365
U01883,2026-06-30,Paid Social,30.74,India,Mobile,0.34
U01884,2025-09-06,Content/SEO,0.0,USA,Mobile,0.508
U01885,2025-05-12,Affiliate,37.8,USA,Mobile,0.513
U01886,2025-12-07,Paid Social,42.19,USA,Mobile,0.819
U01887,2026-03-31,Content/SEO,0.0,UK,Desktop,0.104
U01888,2025-07-28,Organic Search,0.0,Germany,Desktop,0.59
U01889,2026-04-09,Content/SEO,0.0,India,Desktop,0.672
U01890,2025-07-19,Content/SEO,0.0,Australia,Desktop,0.176
U01891,2025-08-05,Paid Search,36.21,India,Desktop,0.355
U01892,2026-02-13,Email,0.67,USA,Mobile,0.404
U01893,2025-06-14,Paid Social,36.34,India,Desktop,0.521
U01894,2025-09-10,Content/SEO,0.0,UK,Tablet,0.342
U01895,2025-09-15,Organic Search,0.0,USA,Mobile,0.419
U01896,2026-06-01,Organic Search,0.0,USA,Mobile,0.383
U01897,2026-06-10,Paid Social,42.37,USA,Desktop,0.556
U01898,2025-04-27,Email,2.95,UK,Mobile,0.23
U01899,2025-08-28,Referral,5.03,UK,Desktop,0.561
U01900,2026-04-26,Affiliate,26.23,Australia,Desktop,0.138
U01901,2026-05-10,Email,2.39,India,Tablet,0.378
U01902,2026-06-03,Referral,8.14,Australia,Desktop,0.137
U01903,2026-04-02,Content/SEO,0.0,Canada,Desktop,0.295
U01904,2026-03-10,Paid Search,0.0,UK,Mobile,0.403
U01905,2025-10-09,Referral,7.15,USA,Desktop,0.732
U01906,2025-12-19,Organic Search,0.0,UAE,Desktop,0.736
U01907,2026-03-26,Paid Social,8.05,Canada,Desktop,0.214
U01908,2025-10-01,Paid Social,3.34,India,Mobile,0.3
U01909,2025-04-06,Email,2.9,India,Desktop,0.267
U01910,2026-01-12,Paid Social,11.37,USA,Mobile,0.231
U01911,2026-03-17,Affiliate,23.86,USA,Desktop,0.439
U01912,2026-02-13,Referral,0.27,USA,Desktop,0.139
U01913,2025-05-13,Paid Search,28.89,Germany,Mobile,0.589
U01914,2026-06-16,Content/SEO,0.0,USA,Desktop,0.503
U01915,2025-08-05,Content/SEO,0.0,Brazil,Desktop,0.809
U01916,2025-07-10,Content/SEO,0.0,India,Desktop,0.427
U01917,2025-08-04,Referral,2.67,Australia,Desktop,0.079
U01918,2025-06-22,Email,3.04,India,Desktop,0.388
U01919,2026-06-15,Paid Social,30.0,USA,Tablet,0.063
U01920,2025-11-27,Paid Social,27.9,Canada,Mobile,0.504
U01921,2026-02-18,Organic Search,0.0,Brazil,Mobile,0.246
U01922,2025-07-09,Organic Search,0.0,UAE,Mobile,0.37
U01923,2025-04-08,Email,2.87,USA,Desktop,0.486
U01924,2026-03-10,Referral,4.12,India,Desktop,0.716
U01925,2025-09-05,Paid Social,24.65,USA,Mobile,0.323
U01926,2026-01-01,Organic Search,0.0,UAE,Desktop,0.08
U01927,2025-06-28,Organic Search,0.0,India,Mobile,0.408
U01928,2025-10-26,Referral,5.05,UAE,Desktop,0.742
U01929,2026-05-01,Content/SEO,0.0,USA,Desktop,0.103
U01930,2025-10-07,Paid Search,52.79,Germany,Desktop,0.703
U01931,2026-04-10,Organic Search,0.0,India,Desktop,0.242
U01932,2025-12-20,Paid Social,31.33,USA,Mobile,0.21
U01933,2025-09-28,Referral,3.07,UK,Desktop,0.221
U01934,2026-04-29,Referral,3.83,Canada,Tablet,0.362
U01935,2026-03-27,Content/SEO,0.0,UAE,Desktop,0.852
U01936,2026-07-19,Email,0.41,India,Desktop,0.533
U01937,2025-11-26,Email,0.0,USA,Tablet,0.731
U01938,2025-10-14,Organic Search,0.0,USA,Mobile,0.92
U01939,2025-03-15,Paid Social,40.09,Brazil,Desktop,0.187
U01940,2025-10-22,Referral,5.23,USA,Tablet,0.393
U01941,2025-05-05,Paid Social,31.77,USA,Desktop,0.258
U01942,2025-09-15,Paid Social,30.15,Germany,Desktop,0.909
U01943,2026-07-01,Organic Search,0.0,Brazil,Desktop,0.795
U01944,2026-07-05,Affiliate,22.63,Germany,Desktop,0.253
U01945,2025-06-03,Paid Search,72.91,Germany,Desktop,0.248
U01946,2026-04-12,Referral,6.08,Germany,Mobile,0.047
U01947,2025-09-27,Paid Social,36.69,India,Desktop,0.115
U01948,2026-01-13,Content/SEO,0.0,USA,Desktop,0.608
U01949,2026-03-12,Paid Social,17.5,UAE,Mobile,0.112
U01950,2025-07-28,Organic Search,0.0,India,Desktop,0.309
U01951,2025-10-22,Organic Search,0.0,Brazil,Mobile,0.756
U01952,2025-03-24,Paid Search,20.62,UAE,Mobile,0.396
U01953,2026-01-20,Referral,4.46,Germany,Desktop,0.518
U01954,2025-10-02,Paid Search,14.03,USA,Desktop,0.275
U01955,2025-05-25,Organic Search,0.0,USA,Desktop,0.242
U01956,2025-10-10,Referral,6.26,USA,Desktop,0.533
U01957,2025-05-04,Paid Search,25.15,India,Desktop,0.495
U01958,2025-05-17,Organic Search,0.0,India,Mobile,0.685
U01959,2026-01-14,Paid Social,6.75,India,Desktop,0.913
U01960,2025-02-11,Paid Social,46.54,India,Desktop,0.231
U01961,2026-06-06,Content/SEO,0.0,UAE,Desktop,0.482
U01962,2025-03-22,Content/SEO,0.0,India,Desktop,0.378
U01963,2025-12-02,Affiliate,31.84,UAE,Desktop,0.274
U01964,2025-05-16,Organic Search,0.0,UK,Mobile,0.476
U01965,2026-03-25,Paid Social,35.03,Germany,Mobile,0.297
U01966,2026-04-03,Email,0.42,USA,Desktop,0.102
U01967,2026-07-08,Paid Search,30.44,India,Mobile,0.301
U01968,2025-08-06,Paid Social,43.39,USA,Desktop,0.621
U01969,2025-10-29,Referral,0.0,UK,Desktop,0.752
U01970,2026-07-31,Affiliate,13.94,USA,Desktop,0.858
U01971,2026-06-02,Paid Social,24.4,India,Mobile,0.08
U01972,2026-05-19,Organic Search,0.0,India,Desktop,0.206
U01973,2025-05-27,Paid Search,16.86,UK,Tablet,0.855
U01974,2025-12-31,Email,1.87,India,Desktop,0.237
U01975,2025-02-08,Email,5.75,India,Desktop,0.197
U01976,2026-04-05,Paid Search,38.0,India,Tablet,0.098
U01977,2025-11-15,Email,4.06,USA,Mobile,0.337
U01978,2025-09-13,Paid Social,48.06,UAE,Mobile,0.658
U01979,2025-03-19,Paid Search,13.92,Australia,Tablet,0.416
U01980,2026-06-24,Paid Social,18.31,Brazil,Desktop,0.204
U01981,2026-04-18,Referral,6.88,USA,Desktop,0.711
U01982,2025-11-20,Paid Social,21.39,Australia,Tablet,0.09
U01983,2026-01-23,Organic Search,0.0,UAE,Mobile,0.229
U01984,2025-12-11,Organic Search,0.0,India,Mobile,0.172
U01985,2025-11-28,Paid Social,31.96,UK,Mobile,0.699
U01986,2026-04-15,Content/SEO,0.0,USA,Desktop,0.319
U01987,2026-04-21,Paid Search,47.51,UK,Desktop,0.304
U01988,2026-05-04,Email,5.29,Australia,Desktop,0.134
U01989,2025-05-30,Paid Social,60.99,India,Desktop,0.263
U01990,2026-05-14,Organic Search,0.0,USA,Tablet,0.492
U01991,2026-01-08,Email,3.51,India,Mobile,0.446
U01992,2025-06-03,Email,2.43,India,Desktop,0.242
U01993,2026-05-15,Referral,7.92,USA,Desktop,0.075
U01994,2025-10-01,Paid Search,37.13,UAE,Desktop,0.362
U01995,2025-07-07,Content/SEO,0.0,UK,Desktop,0.493
U01996,2026-05-26,Email,4.03,UK,Desktop,0.151
U01997,2026-01-27,Referral,2.89,USA,Desktop,0.731
U01998,2026-07-29,Referral,5.75,Australia,Desktop,0.755
U01999,2026-04-23,Organic Search,0.0,India,Mobile,0.539
U02000,2026-04-14,Organic Search,0.0,USA,Desktop,0.901
U02001,2026-05-12,Paid Social,16.71,Brazil,Desktop,0.137
U02002,2025-12-27,Paid Search,29.29,UK,Mobile,0.569
U02003,2026-04-18,Paid Social,18.2,Canada,Desktop,0.69
U02004,2025-11-12,Organic Search,0.0,Canada,Desktop,0.393
U02005,2026-02-17,Email,1.78,Australia,Mobile,0.243
U02006,2025-08-06,Paid Search,26.14,Germany,Mobile,0.526
U02007,2025-02-25,Organic Search,0.0,UK,Mobile,0.351
U02008,2025-08-07,Organic Search,0.0,India,Desktop,0.365
U02009,2025-05-31,Paid Social,41.17,India,Mobile,0.026
U02010,2025-09-09,Organic Search,0.0,USA,Desktop,0.473
U02011,2025-05-31,Organic Search,0.0,Brazil,Desktop,0.423
U02012,2025-07-05,Email,5.31,UK,Desktop,0.355
U02013,2026-02-15,Paid Social,28.87,Canada,Desktop,0.394
U02014,2026-06-14,Paid Social,20.07,USA,Mobile,0.145
U02015,2026-04-29,Affiliate,26.63,India,Desktop,0.484
U02016,2026-07-08,Paid Search,29.45,Australia,Mobile,0.259
U02017,2025-09-23,Referral,5.19,Canada,Desktop,0.449
U02018,2026-02-23,Content/SEO,0.0,USA,Mobile,0.164
U02019,2026-06-04,Paid Search,54.14,Australia,Desktop,0.728
U02020,2026-01-30,Paid Search,34.54,USA,Desktop,0.759
U02021,2025-10-13,Organic Search,0.0,Germany,Mobile,0.355
U02022,2025-08-26,Organic Search,0.0,Canada,Mobile,0.386
U02023,2025-06-24,Organic Search,0.0,USA,Mobile,0.751
U02024,2025-09-21,Paid Social,30.97,USA,Desktop,0.575
U02025,2025-10-04,Paid Search,0.0,USA,Mobile,0.521
U02026,2025-10-12,Content/SEO,0.0,Canada,Mobile,0.493
U02027,2026-03-04,Organic Search,0.0,Brazil,Desktop,0.529
U02028,2025-12-12,Paid Search,47.75,USA,Mobile,0.769
U02029,2026-06-25,Affiliate,21.99,UAE,Desktop,0.244
U02030,2026-03-17,Organic Search,0.0,India,Mobile,0.33
U02031,2025-10-22,Paid Search,75.93,UK,Desktop,0.079
U02032,2026-07-10,Referral,2.58,USA,Desktop,0.371
U02033,2026-03-29,Organic Search,0.0,USA,Mobile,0.183
U02034,2025-03-14,Paid Social,31.02,UAE,Desktop,0.181
U02035,2025-08-30,Organic Search,0.0,India,Mobile,0.315
U02036,2025-11-17,Paid Search,35.05,UK,Desktop,0.063
U02037,2025-10-08,Affiliate,22.72,USA,Desktop,0.537
U02038,2026-03-19,Paid Search,16.4,USA,Desktop,0.292
U02039,2025-06-02,Organic Search,0.0,UAE,Desktop,0.293
U02040,2026-05-14,Organic Search,0.0,USA,Mobile,0.18
U02041,2025-06-27,Content/SEO,0.0,UK,Desktop,0.197
U02042,2025-04-09,Paid Search,35.17,USA,Desktop,0.312
U02043,2026-07-04,Referral,5.94,India,Tablet,0.078
U02044,2025-07-09,Paid Social,6.89,UK,Desktop,0.251
U02045,2025-03-27,Email,3.45,USA,Desktop,0.276
U02046,2026-05-23,Email,3.96,India,Mobile,0.676
U02047,2026-01-31,Organic Search,0.0,UAE,Desktop,0.161
U02048,2025-11-11,Organic Search,0.0,India,Mobile,0.116
U02049,2026-05-07,Organic Search,0.0,USA,Desktop,0.346
U02050,2026-02-13,Referral,8.96,USA,Mobile,0.536
U02051,2026-06-05,Affiliate,11.95,USA,Tablet,0.39
U02052,2026-06-04,Paid Search,22.47,UK,Tablet,0.385
U02053,2025-10-17,Organic Search,0.0,Australia,Mobile,0.415
U02054,2025-10-23,Paid Search,52.77,Germany,Desktop,0.703
U02055,2025-04-23,Paid Search,42.45,Canada,Mobile,0.343
U02056,2026-02-21,Paid Social,34.39,India,Desktop,0.609
U02057,2025-10-09,Paid Social,28.17,India,Desktop,0.178
U02058,2026-02-20,Content/SEO,0.0,USA,Desktop,0.318
U02059,2026-04-06,Paid Social,30.24,UK,Desktop,0.353
U02060,2025-12-11,Organic Search,0.0,USA,Desktop,0.357
U02061,2025-01-20,Referral,4.71,UAE,Desktop,0.661
U02062,2025-02-21,Referral,3.14,USA,Mobile,0.309
U02063,2025-12-26,Organic Search,0.0,USA,Mobile,0.719
U02064,2026-07-04,Content/SEO,0.0,Canada,Desktop,0.565
U02065,2025-03-13,Referral,1.99,India,Desktop,0.377
U02066,2025-04-11,Paid Search,56.83,Australia,Desktop,0.555
U02067,2025-04-08,Affiliate,38.49,USA,Desktop,0.435
U02068,2025-02-27,Email,0.54,India,Desktop,0.549
U02069,2025-08-27,Paid Search,33.5,India,Desktop,0.729
U02070,2025-06-17,Paid Social,23.77,Australia,Desktop,0.465
U02071,2026-05-16,Content/SEO,0.0,India,Desktop,0.522
U02072,2026-05-08,Content/SEO,0.0,India,Desktop,0.071
U02073,2025-12-08,Referral,3.14,Germany,Mobile,0.262
U02074,2025-08-06,Referral,5.98,India,Mobile,0.496
U02075,2026-06-23,Paid Social,15.08,India,Desktop,0.428
U02076,2025-07-23,Affiliate,5.29,UK,Desktop,0.268
U02077,2026-04-09,Affiliate,36.55,India,Desktop,0.468
U02078,2025-10-30,Organic Search,0.0,Australia,Desktop,0.483
U02079,2026-07-22,Content/SEO,0.0,USA,Mobile,0.376
U02080,2026-02-05,Paid Search,34.67,USA,Desktop,0.514
U02081,2025-07-28,Paid Search,45.07,India,Mobile,0.198
U02082,2026-06-11,Paid Search,18.93,Germany,Desktop,0.494
U02083,2026-03-17,Email,4.72,USA,Desktop,0.499
U02084,2026-02-20,Paid Search,28.75,USA,Desktop,0.603
U02085,2025-12-28,Paid Social,6.64,Australia,Desktop,0.475
U02086,2026-06-26,Email,3.07,USA,Mobile,0.397
U02087,2025-06-17,Referral,3.69,UAE,Desktop,0.358
U02088,2026-02-16,Paid Search,25.55,UK,Mobile,0.777
U02089,2025-11-20,Organic Search,0.0,Germany,Desktop,0.16
U02090,2025-11-18,Paid Social,30.56,Canada,Desktop,0.412
U02091,2026-05-14,Referral,8.65,India,Desktop,0.394
U02092,2026-02-01,Paid Social,25.65,Australia,Mobile,0.427
U02093,2025-06-12,Email,1.67,UK,Desktop,0.277
U02094,2026-07-01,Organic Search,0.0,UAE,Desktop,0.543
U02095,2025-12-09,Paid Search,32.91,Canada,Desktop,0.052
U02096,2025-04-02,Email,0.6,USA,Desktop,0.541
U02097,2025-05-20,Organic Search,0.0,Australia,Desktop,0.639
U02098,2025-08-15,Organic Search,0.0,Canada,Mobile,0.239
U02099,2025-07-02,Paid Search,39.9,Australia,Desktop,0.367
U02100,2026-05-01,Paid Social,33.23,USA,Desktop,0.399
U02101,2025-05-23,Referral,5.64,India,Mobile,0.771
U02102,2025-11-15,Organic Search,0.0,USA,Mobile,0.053
U02103,2026-03-23,Email,1.47,UK,Desktop,0.49
U02104,2026-04-14,Affiliate,25.09,Canada,Desktop,0.492
U02105,2025-04-22,Affiliate,32.64,UK,Desktop,0.088
U02106,2026-06-19,Content/SEO,0.0,India,Desktop,0.509
U02107,2025-02-17,Referral,3.85,UK,Desktop,0.086
U02108,2026-01-08,Organic Search,0.0,USA,Mobile,0.274
U02109,2025-11-03,Paid Search,51.29,India,Desktop,0.259
U02110,2026-03-24,Email,1.91,USA,Desktop,0.419
U02111,2025-08-28,Paid Social,24.1,Australia,Mobile,0.577
U02112,2025-05-18,Paid Search,36.98,UK,Desktop,0.39
U02113,2025-07-29,Organic Search,0.0,USA,Desktop,0.818
U02114,2026-07-25,Email,2.07,India,Desktop,0.603
U02115,2026-05-20,Paid Social,45.33,Germany,Desktop,0.484
U02116,2026-02-12,Organic Search,0.0,USA,Desktop,0.861
U02117,2025-06-11,Content/SEO,0.0,Germany,Desktop,0.312
U02118,2026-06-01,Email,3.28,UAE,Desktop,0.593
U02119,2025-11-01,Organic Search,0.0,Australia,Desktop,0.235
U02120,2026-06-25,Referral,6.01,Australia,Mobile,0.527
U02121,2025-10-21,Paid Social,41.82,India,Mobile,0.534
U02122,2025-11-25,Organic Search,0.0,UAE,Mobile,0.104
U02123,2025-09-12,Organic Search,0.0,USA,Mobile,0.632
U02124,2025-07-07,Affiliate,9.3,UK,Mobile,0.23
U02125,2025-06-20,Affiliate,17.0,Brazil,Desktop,0.655
U02126,2025-09-29,Email,0.62,USA,Desktop,0.467
U02127,2026-06-08,Content/SEO,0.0,India,Desktop,0.542
U02128,2025-08-05,Paid Search,30.57,Canada,Desktop,0.441
U02129,2026-04-28,Paid Social,17.03,USA,Desktop,0.942
U02130,2026-04-29,Affiliate,27.07,India,Desktop,0.432
U02131,2026-03-22,Referral,2.64,India,Desktop,0.154
U02132,2025-03-16,Affiliate,13.95,India,Desktop,0.482
U02133,2026-02-16,Referral,8.41,UAE,Mobile,0.424
U02134,2026-05-03,Affiliate,23.55,India,Mobile,0.39
U02135,2026-01-18,Email,6.57,USA,Tablet,0.163
U02136,2026-02-02,Referral,10.01,Australia,Mobile,0.618
U02137,2025-10-24,Affiliate,13.02,Germany,Mobile,0.1
U02138,2026-06-19,Paid Search,32.25,UK,Desktop,0.787
U02139,2026-03-17,Affiliate,3.03,India,Mobile,0.074
U02140,2025-08-19,Organic Search,0.0,Australia,Mobile,0.45
U02141,2026-06-03,Paid Search,48.28,Brazil,Desktop,0.212
U02142,2025-05-15,Affiliate,20.05,USA,Desktop,0.666
U02143,2026-04-19,Email,2.86,USA,Desktop,0.518
U02144,2026-06-04,Email,1.0,Brazil,Mobile,0.287
U02145,2025-10-27,Email,4.69,Canada,Desktop,0.545
U02146,2026-06-13,Organic Search,0.0,Australia,Mobile,0.436
U02147,2026-05-04,Affiliate,36.61,India,Desktop,0.356
U02148,2026-06-24,Email,2.85,Germany,Mobile,0.367
U02149,2026-06-21,Email,5.14,Australia,Mobile,0.659
U02150,2026-03-23,Paid Social,42.37,India,Desktop,0.585
U02151,2025-09-06,Content/SEO,0.0,Canada,Desktop,0.433
U02152,2025-06-15,Organic Search,0.0,USA,Mobile,0.309
U02153,2025-04-12,Referral,4.46,Canada,Desktop,0.479
U02154,2025-04-14,Paid Social,25.32,UK,Desktop,0.493
U02155,2026-05-28,Organic Search,0.0,USA,Desktop,0.733
U02156,2026-06-05,Affiliate,25.38,Australia,Mobile,0.484
U02157,2026-03-24,Email,3.16,Germany,Mobile,0.565
U02158,2026-06-09,Paid Search,25.59,India,Mobile,0.245
U02159,2026-03-26,Paid Search,36.76,Germany,Mobile,0.488
U02160,2025-03-10,Content/SEO,0.0,USA,Desktop,0.565
U02161,2025-12-15,Organic Search,0.0,Brazil,Tablet,0.171
U02162,2026-02-17,Email,7.67,USA,Tablet,0.682
U02163,2025-12-13,Affiliate,27.81,Germany,Mobile,0.441
U02164,2025-02-13,Email,2.38,UAE,Desktop,0.054
U02165,2026-03-22,Content/SEO,0.0,USA,Desktop,0.666
U02166,2025-09-01,Paid Social,16.42,USA,Desktop,0.616
U02167,2026-04-03,Paid Search,32.45,UAE,Desktop,0.158
U02168,2026-05-07,Content/SEO,0.0,India,Mobile,0.251
U02169,2025-11-12,Paid Social,0.0,Germany,Desktop,0.412
U02170,2026-02-17,Content/SEO,0.0,USA,Mobile,0.26
U02171,2026-07-08,Content/SEO,0.0,USA,Desktop,0.083
U02172,2025-04-04,Organic Search,0.0,Australia,Desktop,0.369
U02173,2026-04-15,Affiliate,8.76,USA,Mobile,0.345
U02174,2025-02-03,Paid Social,42.67,India,Desktop,0.066
U02175,2025-12-22,Paid Search,47.27,USA,Desktop,0.368
U02176,2026-04-04,Email,1.96,India,Mobile,0.34
U02177,2025-07-27,Paid Social,23.04,USA,Desktop,0.67
U02178,2026-06-05,Paid Search,19.58,Germany,Mobile,0.588
U02179,2025-06-22,Content/SEO,0.0,Germany,Mobile,0.375
U02180,2025-06-15,Paid Search,45.43,USA,Desktop,0.543
U02181,2026-01-19,Paid Search,27.15,USA,Mobile,0.514
U02182,2025-06-19,Affiliate,26.76,Brazil,Tablet,0.217
U02183,2026-01-27,Referral,2.42,Canada,Desktop,0.524
U02184,2025-09-26,Paid Search,40.4,UK,Desktop,0.212
U02185,2025-07-03,Paid Search,47.54,India,Tablet,0.628
U02186,2026-05-22,Paid Social,45.27,UK,Desktop,0.373
U02187,2026-05-18,Paid Social,22.09,Brazil,Mobile,0.669
U02188,2025-02-25,Organic Search,0.0,India,Desktop,0.723
U02189,2026-01-31,Organic Search,0.0,USA,Desktop,0.196
U02190,2026-07-06,Organic Search,0.0,Brazil,Mobile,0.802
U02191,2025-09-03,Content/SEO,0.0,Brazil,Desktop,0.336
U02192,2025-10-15,Email,1.88,UK,Mobile,0.261
U02193,2026-08-03,Paid Search,11.17,India,Mobile,0.661
U02194,2026-05-02,Paid Search,35.95,UAE,Mobile,0.421
U02195,2025-06-15,Organic Search,0.0,Australia,Mobile,0.082
U02196,2025-10-07,Content/SEO,0.0,USA,Desktop,0.289
U02197,2026-04-26,Paid Search,42.95,USA,Desktop,0.436
U02198,2025-07-18,Content/SEO,0.0,India,Tablet,0.566
U02199,2026-05-31,Affiliate,25.44,USA,Desktop,0.332
U02200,2026-01-27,Content/SEO,0.0,India,Desktop,0.454
U02201,2025-12-08,Email,3.94,Australia,Desktop,0.788
U02202,2025-09-05,Organic Search,0.0,Australia,Desktop,0.574
U02203,2025-03-13,Organic Search,0.0,India,Desktop,0.404
U02204,2025-03-21,Email,6.38,UK,Desktop,0.391
U02205,2025-04-14,Affiliate,28.53,UK,Desktop,0.478
U02206,2025-04-27,Paid Social,27.33,USA,Mobile,0.193
U02207,2026-01-29,Referral,5.64,Brazil,Desktop,0.166
U02208,2026-02-06,Referral,6.79,Germany,Desktop,0.133
U02209,2026-06-20,Referral,10.98,UAE,Mobile,0.389
U02210,2025-02-06,Organic Search,0.0,USA,Mobile,0.768
U02211,2025-01-21,Referral,6.87,India,Tablet,0.53
U02212,2026-04-11,Referral,10.69,USA,Tablet,0.546
U02213,2026-03-06,Referral,5.53,UAE,Desktop,0.379
U02214,2025-03-12,Content/SEO,0.0,Canada,Tablet,0.465
U02215,2026-04-13,Referral,0.65,USA,Desktop,0.111
U02216,2025-03-27,Referral,4.01,India,Desktop,0.145
U02217,2026-01-17,Organic Search,0.0,UAE,Desktop,0.547
U02218,2026-05-11,Paid Search,38.88,USA,Tablet,0.109
U02219,2026-03-25,Email,1.68,USA,Mobile,0.171
U02220,2025-08-15,Organic Search,0.0,Canada,Desktop,0.435
U02221,2026-07-28,Content/SEO,0.0,Germany,Desktop,0.475
U02222,2025-05-10,Paid Social,23.82,India,Mobile,0.562
U02223,2025-10-07,Paid Search,39.2,Germany,Desktop,0.271
U02224,2025-11-11,Referral,0.0,Australia,Desktop,0.379
U02225,2026-01-16,Paid Social,47.21,Brazil,Desktop,0.496
U02226,2025-08-25,Referral,3.48,India,Mobile,0.179
U02227,2025-05-13,Content/SEO,0.0,UK,Desktop,0.228
U02228,2026-06-09,Paid Social,16.21,USA,Desktop,0.446
U02229,2026-01-20,Paid Social,25.48,USA,Mobile,0.798
U02230,2026-05-12,Organic Search,0.0,India,Mobile,0.507
U02231,2025-10-22,Paid Social,15.62,USA,Desktop,0.212
U02232,2026-04-05,Email,6.17,India,Desktop,0.345
U02233,2026-04-27,Organic Search,0.0,Brazil,Mobile,0.079
U02234,2025-07-04,Paid Social,53.15,USA,Desktop,0.293
U02235,2025-04-03,Organic Search,0.0,USA,Desktop,0.624
U02236,2025-10-27,Paid Social,36.57,USA,Mobile,0.793
U02237,2025-07-25,Referral,8.42,USA,Desktop,0.372
U02238,2025-04-16,Organic Search,0.0,India,Desktop,0.745
U02239,2026-05-27,Referral,3.74,USA,Desktop,0.179
U02240,2026-05-12,Paid Search,32.77,USA,Mobile,0.229
U02241,2026-05-30,Paid Search,38.98,UK,Desktop,0.414
U02242,2025-08-04,Referral,3.71,UK,Desktop,0.31
U02243,2026-01-19,Affiliate,22.92,Brazil,Desktop,0.601
U02244,2025-08-14,Organic Search,0.0,Canada,Desktop,0.332
U02245,2026-06-09,Email,2.62,USA,Desktop,0.515
U02246,2025-04-14,Organic Search,0.0,USA,Desktop,0.356
U02247,2026-03-23,Paid Social,30.73,Germany,Mobile,0.809
U02248,2026-04-25,Affiliate,29.29,UK,Desktop,0.129
U02249,2026-07-11,Referral,4.61,UAE,Desktop,0.41
U02250,2026-02-27,Referral,6.37,Germany,Desktop,0.447
U02251,2025-01-13,Paid Search,49.34,USA,Desktop,0.137
U02252,2026-01-26,Organic Search,0.0,USA,Tablet,0.219
U02253,2026-02-10,Email,2.53,USA,Mobile,0.376
U02254,2026-02-17,Referral,4.16,India,Mobile,0.21
U02255,2025-07-29,Content/SEO,0.0,USA,Desktop,0.303
U02256,2026-06-06,Paid Social,32.47,India,Desktop,0.496
U02257,2026-01-12,Organic Search,0.0,USA,Mobile,0.268
U02258,2025-07-21,Affiliate,26.46,India,Mobile,0.559
U02259,2025-10-31,Referral,4.52,USA,Desktop,0.724
U02260,2026-03-30,Email,3.1,USA,Desktop,0.113
U02261,2025-08-16,Referral,5.22,Germany,Tablet,0.603
U02262,2025-06-09,Email,5.9,Canada,Desktop,0.312
U02263,2026-05-18,Paid Social,29.83,USA,Desktop,0.626
U02264,2026-02-05,Paid Social,27.21,UK,Desktop,0.654
U02265,2025-03-13,Referral,6.38,Australia,Desktop,0.487
U02266,2025-09-28,Content/SEO,0.0,UK,Desktop,0.529
U02267,2026-01-22,Paid Search,24.47,USA,Mobile,0.242
U02268,2026-02-21,Paid Social,24.06,India,Desktop,0.138
U02269,2025-09-01,Affiliate,5.65,India,Mobile,0.443
U02270,2025-08-26,Organic Search,0.0,USA,Desktop,0.621
U02271,2025-10-12,Paid Search,38.79,USA,Desktop,0.512
U02272,2025-12-11,Email,5.15,India,Desktop,0.468
U02273,2026-04-16,Email,1.61,Germany,Desktop,0.69
U02274,2026-05-25,Paid Search,45.78,Germany,Tablet,0.676
U02275,2026-03-05,Email,4.85,Germany,Mobile,0.268
U02276,2026-07-14,Content/SEO,0.0,Canada,Mobile,0.808
U02277,2025-03-02,Referral,2.93,USA,Mobile,0.33
U02278,2026-06-03,Referral,6.07,USA,Desktop,0.659
U02279,2025-04-15,Referral,5.35,USA,Desktop,0.464
U02280,2025-08-12,Affiliate,18.77,India,Desktop,0.593
U02281,2026-02-20,Organic Search,0.0,USA,Mobile,0.239
U02282,2025-10-04,Paid Search,51.21,USA,Mobile,0.567
U02283,2026-05-15,Email,1.42,USA,Desktop,0.145
U02284,2025-08-14,Paid Social,27.43,UK,Desktop,0.24
U02285,2025-08-19,Paid Search,22.16,USA,Desktop,0.338
U02286,2025-05-23,Paid Search,34.49,USA,Mobile,0.748
U02287,2025-10-30,Paid Search,15.4,USA,Mobile,0.761
U02288,2025-08-28,Paid Social,45.45,Germany,Mobile,0.762
U02289,2026-05-08,Affiliate,21.05,India,Desktop,0.199
U02290,2026-05-18,Email,0.83,USA,Desktop,0.851
U02291,2025-08-03,Referral,5.17,Canada,Tablet,0.465
U02292,2025-12-04,Email,5.9,USA,Desktop,0.27
U02293,2025-04-19,Referral,7.26,Brazil,Mobile,0.585
U02294,2025-05-10,Organic Search,0.0,USA,Desktop,0.157
U02295,2026-06-05,Paid Social,40.35,Canada,Desktop,0.455
U02296,2026-03-01,Referral,13.54,India,Desktop,0.316
U02297,2026-02-22,Email,3.14,India,Desktop,0.268
U02298,2026-06-30,Content/SEO,0.0,USA,Mobile,0.505
U02299,2025-08-20,Paid Search,28.1,India,Desktop,0.31
U02300,2025-04-26,Paid Search,44.02,Canada,Desktop,0.129
U02301,2026-06-30,Referral,7.85,USA,Mobile,0.338
U02302,2025-03-18,Paid Social,46.86,USA,Mobile,0.33
U02303,2025-09-27,Paid Social,26.48,India,Desktop,0.42
U02304,2025-03-19,Email,2.76,Canada,Desktop,0.431
U02305,2025-01-23,Organic Search,0.0,USA,Desktop,0.128
U02306,2025-03-22,Content/SEO,0.0,UAE,Desktop,0.59
U02307,2026-04-23,Paid Search,51.97,UAE,Desktop,0.215
U02308,2025-05-12,Organic Search,0.0,Canada,Mobile,0.297
U02309,2026-01-31,Referral,3.43,Brazil,Desktop,0.112
U02310,2026-03-25,Referral,4.72,Germany,Mobile,0.632
U02311,2025-05-11,Paid Social,27.09,USA,Desktop,0.528
U02312,2025-05-03,Referral,7.31,UK,Desktop,0.329
U02313,2025-02-15,Content/SEO,0.0,Brazil,Desktop,0.253
U02314,2026-05-09,Paid Search,20.68,UK,Mobile,0.584
U02315,2025-04-12,Content/SEO,0.0,India,Desktop,0.203
U02316,2026-06-16,Paid Social,34.45,Canada,Mobile,0.535
U02317,2025-09-28,Referral,6.55,Brazil,Mobile,0.163
U02318,2025-09-16,Paid Social,19.38,USA,Desktop,0.327
U02319,2025-07-13,Organic Search,0.0,India,Mobile,0.433
U02320,2025-09-01,Content/SEO,0.0,USA,Tablet,0.596
U02321,2025-09-18,Paid Search,39.67,USA,Desktop,0.11
U02322,2026-04-24,Paid Social,0.0,Canada,Desktop,0.314
U02323,2026-05-19,Organic Search,0.0,Canada,Desktop,0.355
U02324,2025-11-06,Paid Search,14.07,Canada,Mobile,0.177
U02325,2025-10-19,Affiliate,18.9,USA,Desktop,0.47
U02326,2025-03-24,Paid Search,24.13,UK,Desktop,0.348
U02327,2025-11-03,Organic Search,0.0,Germany,Desktop,0.167
U02328,2025-01-30,Paid Search,26.79,Canada,Desktop,0.179
U02329,2026-02-12,Affiliate,31.51,Australia,Tablet,0.435
U02330,2026-04-05,Referral,4.76,Brazil,Mobile,0.351
U02331,2026-04-16,Paid Social,40.33,UK,Desktop,0.218
U02332,2025-07-04,Paid Search,9.7,Canada,Mobile,0.575
U02333,2025-07-05,Referral,0.0,Germany,Desktop,0.1
U02334,2025-07-19,Paid Search,54.49,India,Desktop,0.201
U02335,2025-08-05,Email,1.95,India,Desktop,0.069
U02336,2026-06-13,Content/SEO,0.0,Australia,Desktop,0.106
U02337,2025-06-10,Organic Search,0.0,Brazil,Desktop,0.684
U02338,2025-08-23,Paid Social,8.15,India,Desktop,0.467
U02339,2025-06-07,Referral,6.34,India,Desktop,0.637
U02340,2026-03-26,Paid Search,26.3,India,Desktop,0.356
U02341,2025-11-03,Paid Social,18.99,Brazil,Desktop,0.165
U02342,2025-12-02,Affiliate,11.13,Australia,Desktop,0.426
U02343,2025-07-15,Organic Search,0.0,Germany,Desktop,0.648
U02344,2025-11-07,Content/SEO,0.0,Australia,Desktop,0.313
U02345,2026-01-22,Organic Search,0.0,India,Mobile,0.67
U02346,2025-10-27,Affiliate,4.96,India,Tablet,0.32
U02347,2026-03-27,Referral,2.58,India,Desktop,0.378
U02348,2026-07-25,Referral,7.59,USA,Desktop,0.307
U02349,2025-06-08,Paid Search,39.04,UAE,Desktop,0.204
U02350,2026-05-26,Paid Social,54.37,Canada,Desktop,0.465
U02351,2025-07-31,Referral,7.87,USA,Mobile,0.212
U02352,2025-10-15,Email,1.37,USA,Mobile,0.469
U02353,2025-12-08,Paid Social,4.73,USA,Desktop,0.093
U02354,2025-08-20,Email,0.61,India,Desktop,0.315
U02355,2026-01-30,Referral,6.66,Brazil,Mobile,0.329
U02356,2026-03-10,Paid Social,48.55,Canada,Desktop,0.525
U02357,2026-02-16,Content/SEO,0.0,India,Desktop,0.373
U02358,2026-06-23,Paid Social,22.14,India,Mobile,0.218
U02359,2026-02-14,Paid Search,33.87,Canada,Mobile,0.479
U02360,2026-03-18,Paid Social,19.29,USA,Desktop,0.271
U02361,2025-07-05,Paid Social,27.3,UAE,Mobile,0.498
U02362,2026-06-14,Content/SEO,0.0,Germany,Mobile,0.407
U02363,2025-12-27,Content/SEO,0.0,UK,Mobile,0.489
U02364,2025-07-25,Content/SEO,0.0,UK,Desktop,0.159
U02365,2025-11-22,Paid Social,29.57,USA,Desktop,0.31
U02366,2026-07-03,Referral,10.82,USA,Desktop,0.43
U02367,2026-03-18,Organic Search,0.0,India,Mobile,0.488
U02368,2026-02-09,Organic Search,0.0,Brazil,Desktop,0.512
U02369,2025-03-21,Organic Search,0.0,Canada,Desktop,0.148
U02370,2025-09-06,Content/SEO,0.0,Brazil,Desktop,0.219
U02371,2025-11-02,Content/SEO,0.0,UK,Desktop,0.168
U02372,2025-08-08,Organic Search,0.0,Australia,Desktop,0.135
U02373,2025-05-08,Paid Social,34.95,India,Mobile,0.773
U02374,2025-05-12,Paid Search,23.52,USA,Desktop,0.275
U02375,2025-12-04,Organic Search,0.0,USA,Desktop,0.438
U02376,2025-05-24,Paid Search,51.89,USA,Desktop,0.212
U02377,2026-02-03,Paid Social,0.0,USA,Desktop,0.174
U02378,2026-06-24,Paid Search,47.27,USA,Desktop,0.196
U02379,2026-03-20,Paid Search,20.86,India,Desktop,0.837
U02380,2025-11-22,Paid Search,33.7,India,Mobile,0.425
U02381,2025-09-11,Organic Search,0.0,USA,Mobile,0.121
U02382,2026-07-30,Referral,2.27,India,Mobile,0.508
U02383,2025-04-28,Paid Search,17.04,USA,Desktop,0.647
U02384,2026-02-07,Paid Social,26.78,India,Desktop,0.151
U02385,2025-05-18,Paid Social,18.06,USA,Mobile,0.361
U02386,2026-01-11,Paid Search,28.77,UAE,Mobile,0.306
U02387,2025-10-28,Paid Search,58.79,UK,Mobile,0.31
U02388,2025-04-27,Paid Search,23.65,India,Desktop,0.128
U02389,2025-08-11,Referral,3.61,USA,Tablet,0.38
U02390,2025-03-05,Paid Search,42.91,UAE,Mobile,0.299
U02391,2026-02-14,Paid Social,30.1,India,Mobile,0.623
U02392,2025-08-23,Paid Social,30.35,USA,Desktop,0.454
U02393,2025-10-22,Email,2.63,USA,Tablet,0.196
U02394,2025-12-04,Organic Search,0.0,Brazil,Desktop,0.324
U02395,2025-09-07,Referral,0.0,Australia,Desktop,0.434
U02396,2026-02-22,Paid Search,20.41,UK,Desktop,0.901
U02397,2026-03-30,Paid Social,29.32,USA,Mobile,0.558
U02398,2026-02-08,Referral,4.04,India,Desktop,0.174
U02399,2025-06-08,Organic Search,0.0,USA,Desktop,0.896
U02400,2026-01-17,Paid Search,25.03,India,Desktop,0.589
U02401,2025-07-30,Affiliate,0.0,India,Mobile,0.533
U02402,2025-10-17,Paid Search,44.18,USA,Mobile,0.596
U02403,2025-12-30,Paid Social,38.23,USA,Tablet,0.405
U02404,2026-06-24,Paid Search,50.56,India,Desktop,0.13
U02405,2025-05-20,Organic Search,0.0,Germany,Mobile,0.362
U02406,2026-04-12,Organic Search,0.0,India,Mobile,0.809
U02407,2026-05-15,Referral,7.81,India,Mobile,0.211
U02408,2025-10-05,Content/SEO,0.0,Canada,Desktop,0.425
U02409,2026-01-07,Content/SEO,0.0,Germany,Desktop,0.604
U02410,2026-06-01,Organic Search,0.0,Australia,Mobile,0.249
U02411,2026-03-13,Referral,4.24,India,Mobile,0.48
U02412,2025-05-21,Email,0.3,India,Desktop,0.213
U02413,2025-05-29,Content/SEO,0.0,Germany,Desktop,0.42
U02414,2025-02-09,Paid Social,33.21,Brazil,Desktop,0.641
U02415,2025-05-26,Paid Search,31.29,USA,Desktop,0.491
U02416,2025-12-31,Affiliate,17.23,India,Desktop,0.297
U02417,2025-03-26,Referral,0.32,India,Mobile,0.365
U02418,2026-01-21,Paid Search,51.57,India,Desktop,0.691
U02419,2025-11-15,Paid Search,35.86,Brazil,Mobile,0.291
U02420,2025-03-19,Organic Search,0.0,USA,Mobile,0.926
U02421,2025-05-06,Paid Search,23.13,Australia,Desktop,0.163
U02422,2025-08-25,Paid Social,9.32,UK,Mobile,0.557
U02423,2026-01-26,Referral,7.33,Germany,Desktop,0.456
U02424,2026-06-22,Organic Search,0.0,USA,Desktop,0.384
U02425,2026-01-15,Paid Search,35.33,UK,Desktop,0.689
U02426,2026-01-21,Paid Social,29.53,Canada,Desktop,0.275
U02427,2025-05-21,Referral,2.06,UAE,Mobile,0.165
U02428,2026-01-05,Paid Social,43.16,USA,Desktop,0.069
U02429,2025-11-15,Paid Social,19.61,Brazil,Mobile,0.08
U02430,2025-04-21,Affiliate,20.08,USA,Mobile,0.332
U02431,2025-09-22,Paid Social,51.65,UAE,Desktop,0.517
U02432,2026-05-22,Referral,3.51,India,Desktop,0.288
U02433,2026-02-09,Content/SEO,0.0,Brazil,Desktop,0.294
U02434,2025-11-02,Paid Search,30.66,India,Desktop,0.049
U02435,2025-08-31,Organic Search,0.0,USA,Desktop,0.181
U02436,2026-07-09,Referral,3.66,USA,Mobile,0.339
U02437,2025-09-05,Affiliate,27.06,India,Desktop,0.26
U02438,2026-04-26,Paid Search,41.8,USA,Desktop,0.118
U02439,2025-07-20,Referral,4.36,USA,Desktop,0.668
U02440,2026-07-23,Content/SEO,0.0,UK,Mobile,0.346
U02441,2026-05-10,Paid Search,30.12,USA,Desktop,0.387
U02442,2025-12-29,Paid Search,41.33,India,Desktop,0.178
U02443,2026-08-02,Paid Search,29.06,Canada,Tablet,0.387
U02444,2026-07-14,Content/SEO,0.0,UK,Mobile,0.38
U02445,2026-05-31,Referral,10.03,UK,Desktop,0.216
U02446,2025-02-13,Organic Search,0.0,USA,Desktop,0.716
U02447,2025-08-23,Email,2.78,USA,Desktop,0.342
U02448,2026-03-22,Email,1.07,India,Desktop,0.784
U02449,2025-09-04,Referral,4.22,USA,Mobile,0.658
U02450,2025-07-26,Paid Social,19.45,USA,Desktop,0.792
U02451,2025-07-29,Organic Search,0.0,Canada,Desktop,0.199
U02452,2025-07-11,Referral,3.13,Germany,Desktop,0.263
U02453,2025-11-16,Paid Search,27.52,Canada,Mobile,0.3
U02454,2025-10-17,Referral,1.67,India,Mobile,0.557
U02455,2026-01-31,Content/SEO,0.0,India,Desktop,0.458
U02456,2026-06-16,Organic Search,0.0,USA,Desktop,0.34
U02457,2026-02-27,Organic Search,0.0,Canada,Desktop,0.614
U02458,2025-09-24,Referral,4.64,UK,Desktop,0.203
U02459,2026-02-20,Paid Social,29.18,Canada,Desktop,0.179
U02460,2025-12-19,Paid Search,47.28,Canada,Desktop,0.427
U02461,2026-05-06,Paid Search,13.45,India,Tablet,0.544
U02462,2025-10-05,Content/SEO,0.0,India,Mobile,0.539
U02463,2025-03-23,Content/SEO,0.0,USA,Desktop,0.034
U02464,2026-03-14,Paid Search,27.02,India,Desktop,0.32
U02465,2026-03-05,Referral,1.55,Germany,Desktop,0.585
U02466,2026-02-17,Paid Social,51.79,Australia,Mobile,0.719
U02467,2026-01-16,Paid Social,26.26,USA,Desktop,0.767
U02468,2025-12-27,Email,0.6,Canada,Desktop,0.109
U02469,2025-06-12,Referral,9.44,Germany,Tablet,0.284
U02470,2026-05-24,Referral,3.23,India,Desktop,0.326
U02471,2025-06-19,Affiliate,21.4,UK,Desktop,0.427
U02472,2025-07-26,Organic Search,0.0,India,Mobile,0.081
U02473,2025-10-30,Organic Search,0.0,USA,Desktop,0.143
U02474,2026-03-10,Paid Search,47.21,USA,Mobile,0.514
U02475,2025-06-12,Paid Search,22.33,Canada,Tablet,0.262
U02476,2025-01-12,Paid Search,18.29,Canada,Desktop,0.351
U02477,2025-06-12,Organic Search,0.0,UAE,Desktop,0.559
U02478,2025-12-15,Organic Search,0.0,USA,Desktop,0.11
U02479,2025-10-14,Paid Search,79.28,USA,Desktop,0.777
U02480,2025-07-05,Content/SEO,0.0,USA,Desktop,0.441
U02481,2026-05-29,Organic Search,0.0,USA,Mobile,0.738
U02482,2026-07-04,Content/SEO,0.0,India,Desktop,0.264
U02483,2025-08-24,Organic Search,0.0,USA,Mobile,0.485
U02484,2026-04-10,Email,0.0,USA,Mobile,0.351
U02485,2025-10-13,Paid Search,34.67,Canada,Desktop,0.409
U02486,2025-10-14,Affiliate,16.71,India,Desktop,0.216
U02487,2026-01-11,Content/SEO,0.0,Germany,Tablet,0.345
U02488,2025-02-05,Affiliate,9.19,UAE,Mobile,0.512
U02489,2025-11-18,Email,3.78,USA,Desktop,0.177
U02490,2025-10-18,Affiliate,17.12,Canada,Desktop,0.858
U02491,2026-02-01,Paid Search,41.72,India,Desktop,0.597
U02492,2026-07-13,Affiliate,20.33,USA,Desktop,0.528
U02493,2025-04-19,Referral,2.32,USA,Desktop,0.642
U02494,2026-05-29,Content/SEO,0.0,India,Desktop,0.428
U02495,2026-02-17,Content/SEO,0.0,Brazil,Mobile,0.309
U02496,2025-03-01,Affiliate,22.78,Brazil,Desktop,0.297
U02497,2025-12-04,Organic Search,0.0,India,Mobile,0.505
U02498,2026-07-02,Organic Search,0.0,India,Mobile,0.086
U02499,2025-07-24,Referral,1.47,India,Desktop,0.564
U02500,2025-07-02,Paid Social,15.88,India,Desktop,0.937
U02501,2026-07-01,Referral,4.59,Germany,Desktop,0.261
U02502,2026-05-18,Paid Search,42.52,India,Mobile,0.686
U02503,2026-07-29,Referral,2.63,USA,Desktop,0.157
U02504,2025-01-27,Organic Search,0.0,Australia,Desktop,0.336
U02505,2025-04-13,Paid Search,37.76,Brazil,Desktop,0.136
U02506,2025-11-16,Affiliate,30.13,India,Desktop,0.157
U02507,2025-11-28,Organic Search,0.0,USA,Desktop,0.194
U02508,2026-02-11,Paid Search,17.79,UK,Desktop,0.211
U02509,2025-01-24,Referral,8.34,India,Desktop,0.405
U02510,2025-11-21,Paid Social,20.82,Australia,Desktop,0.327
U02511,2026-01-11,Paid Search,50.07,USA,Desktop,0.209
U02512,2025-11-12,Referral,9.21,India,Desktop,0.604
U02513,2025-08-05,Email,0.0,India,Mobile,0.546
U02514,2025-01-22,Content/SEO,0.0,Brazil,Desktop,0.525
U02515,2025-05-18,Organic Search,0.0,USA,Desktop,0.909
U02516,2026-06-29,Organic Search,0.0,India,Desktop,0.46
U02517,2025-11-11,Content/SEO,0.0,Germany,Desktop,0.215
U02518,2025-06-01,Content/SEO,0.0,UAE,Tablet,0.853
U02519,2026-04-24,Content/SEO,0.0,Canada,Mobile,0.426
U02520,2025-11-26,Organic Search,0.0,USA,Mobile,0.788
U02521,2026-04-27,Content/SEO,0.0,India,Desktop,0.087
U02522,2026-03-22,Referral,0.0,Germany,Desktop,0.681
U02523,2026-04-24,Paid Social,24.93,Canada,Desktop,0.485
U02524,2025-06-30,Paid Search,26.31,USA,Mobile,0.443
U02525,2025-11-30,Paid Social,24.08,India,Mobile,0.075
U02526,2026-07-12,Content/SEO,0.0,Canada,Desktop,0.819
U02527,2026-02-13,Content/SEO,0.0,India,Desktop,0.096
U02528,2025-02-05,Content/SEO,0.0,Germany,Desktop,0.296
U02529,2025-09-27,Paid Social,38.4,UK,Desktop,0.492
U02530,2026-07-01,Referral,7.55,USA,Tablet,0.265
U02531,2026-03-10,Organic Search,0.0,Australia,Mobile,0.089
U02532,2025-11-03,Paid Search,86.12,India,Mobile,0.29
U02533,2026-02-16,Paid Social,13.18,Canada,Desktop,0.112
U02534,2026-06-17,Paid Search,40.38,USA,Mobile,0.251
U02535,2025-12-25,Affiliate,13.37,USA,Tablet,0.178
U02536,2025-07-12,Paid Search,35.8,UK,Desktop,0.624
U02537,2026-07-09,Referral,1.51,Australia,Tablet,0.039
U02538,2026-01-11,Organic Search,0.0,India,Desktop,0.25
U02539,2026-02-24,Organic Search,0.0,USA,Desktop,0.307
U02540,2025-04-09,Paid Social,46.37,Brazil,Desktop,0.262
U02541,2026-02-11,Organic Search,0.0,UK,Desktop,0.617
U02542,2026-04-19,Referral,1.58,India,Desktop,0.14
U02543,2025-08-26,Organic Search,0.0,UAE,Desktop,0.15
U02544,2026-03-14,Paid Search,23.46,Germany,Desktop,0.242
U02545,2025-06-18,Organic Search,0.0,India,Desktop,0.826
U02546,2025-10-17,Email,3.64,India,Desktop,0.684
U02547,2025-12-27,Organic Search,0.0,UK,Desktop,0.572
U02548,2025-07-13,Organic Search,0.0,UAE,Mobile,0.138
U02549,2025-06-08,Organic Search,0.0,USA,Desktop,0.369
U02550,2025-05-25,Content/SEO,0.0,India,Desktop,0.144
U02551,2026-06-22,Affiliate,24.31,UK,Desktop,0.262
U02552,2026-03-22,Referral,8.42,USA,Desktop,0.154
U02553,2026-02-09,Organic Search,0.0,USA,Desktop,0.595
U02554,2026-02-20,Content/SEO,0.0,UK,Mobile,0.242
U02555,2026-03-19,Email,1.24,India,Desktop,0.444
U02556,2026-06-25,Content/SEO,0.0,USA,Mobile,0.51
U02557,2026-02-03,Paid Social,18.12,Germany,Mobile,0.329
U02558,2025-01-25,Paid Search,14.92,UK,Mobile,0.417
U02559,2025-10-30,Organic Search,0.0,USA,Mobile,0.43
U02560,2025-08-11,Content/SEO,0.0,India,Mobile,0.32
U02561,2026-02-10,Organic Search,0.0,UK,Desktop,0.504
U02562,2026-04-28,Affiliate,9.08,USA,Mobile,0.313
U02563,2025-05-08,Paid Search,45.91,UK,Desktop,0.534
U02564,2025-02-23,Email,5.49,Germany,Mobile,0.319
U02565,2025-03-26,Organic Search,0.0,India,Tablet,0.403
U02566,2025-11-15,Paid Social,35.91,UAE,Desktop,0.34
U02567,2025-10-12,Organic Search,0.0,Canada,Desktop,0.37
U02568,2025-11-24,Paid Social,24.52,USA,Desktop,0.639
U02569,2026-03-09,Paid Social,25.08,USA,Mobile,0.646
U02570,2025-05-21,Content/SEO,0.0,India,Mobile,0.376
U02571,2025-04-21,Email,2.86,India,Desktop,0.562
U02572,2025-11-11,Organic Search,0.0,Brazil,Desktop,0.686
U02573,2025-03-06,Content/SEO,0.0,India,Desktop,0.289
U02574,2026-07-28,Paid Social,21.13,USA,Tablet,0.171
U02575,2026-05-10,Organic Search,0.0,Australia,Mobile,0.463
U02576,2025-10-15,Organic Search,0.0,USA,Desktop,0.275
U02577,2026-07-16,Paid Search,31.8,UK,Desktop,0.275
U02578,2026-05-24,Organic Search,0.0,Canada,Mobile,0.453
U02579,2025-06-17,Organic Search,0.0,India,Desktop,0.688
U02580,2025-09-06,Organic Search,0.0,Germany,Desktop,0.132
U02581,2025-12-11,Referral,0.0,Australia,Mobile,0.532
U02582,2026-05-11,Referral,8.49,Germany,Mobile,0.374
U02583,2026-07-19,Paid Search,27.12,India,Desktop,0.224
U02584,2026-05-15,Organic Search,0.0,Canada,Mobile,0.549
U02585,2025-07-04,Affiliate,30.76,India,Desktop,0.115
U02586,2025-07-11,Organic Search,0.0,India,Tablet,0.402
U02587,2025-06-23,Paid Search,24.92,USA,Mobile,0.128
U02588,2026-07-25,Paid Search,17.14,Brazil,Mobile,0.639
U02589,2025-12-08,Email,1.86,USA,Desktop,0.087
U02590,2025-04-01,Paid Social,18.78,USA,Desktop,0.263
U02591,2025-06-17,Referral,3.1,USA,Desktop,0.132
U02592,2026-05-24,Paid Social,31.46,Brazil,Desktop,0.316
U02593,2026-06-17,Organic Search,0.0,India,Desktop,0.201
U02594,2025-07-31,Paid Social,11.16,India,Desktop,0.734
U02595,2025-05-31,Paid Social,32.96,USA,Mobile,0.53
U02596,2026-06-27,Referral,1.55,India,Desktop,0.491
U02597,2026-01-10,Organic Search,0.0,India,Desktop,0.433
U02598,2026-05-15,Affiliate,12.07,USA,Desktop,0.523
U02599,2026-04-04,Affiliate,26.39,Australia,Desktop,0.528
U02600,2026-05-30,Affiliate,0.0,UK,Tablet,0.029
U02601,2025-10-14,Referral,9.43,Germany,Tablet,0.145
U02602,2026-03-20,Referral,1.59,India,Mobile,0.457
U02603,2026-04-25,Email,2.5,India,Mobile,0.326
U02604,2026-02-07,Paid Social,30.01,India,Desktop,0.493
U02605,2025-12-08,Referral,6.92,India,Mobile,0.226
U02606,2025-07-02,Paid Search,0.0,UK,Tablet,0.336
U02607,2025-03-09,Paid Search,30.06,UK,Mobile,0.164
U02608,2026-03-21,Paid Search,0.0,Canada,Mobile,0.171
U02609,2025-08-17,Referral,2.9,USA,Desktop,0.332
U02610,2025-04-25,Paid Search,22.89,USA,Desktop,0.344
U02611,2026-06-19,Organic Search,0.0,Brazil,Desktop,0.18
U02612,2026-04-20,Affiliate,20.84,Canada,Desktop,0.544
U02613,2026-03-30,Paid Search,40.4,Germany,Mobile,0.186
U02614,2025-02-13,Paid Social,21.73,UAE,Mobile,0.2
U02615,2025-05-23,Paid Search,42.9,USA,Mobile,0.259
U02616,2025-07-10,Paid Search,51.06,USA,Desktop,0.562
U02617,2026-01-04,Email,1.41,Germany,Desktop,0.237
U02618,2025-02-26,Referral,4.53,Germany,Desktop,0.137
U02619,2025-06-25,Paid Search,51.07,India,Desktop,0.955
U02620,2026-05-07,Organic Search,0.0,Australia,Desktop,0.234
U02621,2025-03-22,Organic Search,0.0,UK,Desktop,0.469
U02622,2026-02-21,Organic Search,0.0,USA,Desktop,0.762
U02623,2026-05-18,Email,3.68,Brazil,Desktop,0.4
U02624,2025-05-12,Organic Search,0.0,Canada,Desktop,0.126
U02625,2025-10-21,Content/SEO,0.0,USA,Desktop,0.246
U02626,2025-02-04,Paid Search,37.73,USA,Desktop,0.633
U02627,2026-06-28,Referral,1.95,USA,Mobile,0.576
U02628,2026-05-01,Organic Search,0.0,UAE,Desktop,0.473
U02629,2026-04-16,Organic Search,0.0,India,Desktop,0.588
U02630,2025-09-06,Content/SEO,0.0,Canada,Mobile,0.585
U02631,2025-12-31,Content/SEO,0.0,USA,Desktop,0.133
U02632,2026-01-31,Email,5.96,Canada,Mobile,0.414
U02633,2025-12-12,Referral,4.38,USA,Mobile,0.551
U02634,2026-05-30,Paid Search,52.51,India,Desktop,0.437
U02635,2025-09-02,Paid Search,39.92,UK,Desktop,0.678
U02636,2026-01-07,Organic Search,0.0,India,Desktop,0.184
U02637,2025-04-08,Organic Search,0.0,USA,Desktop,0.642
U02638,2025-10-08,Content/SEO,0.0,India,Mobile,0.159
U02639,2026-01-26,Affiliate,2.27,UAE,Desktop,0.513
U02640,2025-07-12,Paid Social,31.46,Germany,Desktop,0.42
U02641,2026-02-10,Paid Social,24.31,USA,Mobile,0.135
U02642,2025-10-02,Paid Search,36.07,UK,Desktop,0.434
U02643,2025-10-18,Paid Social,20.48,USA,Mobile,0.616
U02644,2026-06-29,Content/SEO,0.0,India,Desktop,0.225
U02645,2025-12-05,Referral,6.35,Germany,Mobile,0.172
U02646,2025-10-05,Affiliate,24.21,Canada,Desktop,0.079
U02647,2025-12-09,Organic Search,0.0,Australia,Mobile,0.304
U02648,2025-11-20,Referral,5.2,Germany,Mobile,0.337
U02649,2025-04-08,Paid Search,29.16,India,Mobile,0.528
U02650,2026-01-09,Paid Search,40.94,UK,Tablet,0.159
U02651,2026-02-01,Email,2.53,USA,Mobile,0.72
U02652,2025-02-20,Referral,1.89,Brazil,Desktop,0.015
U02653,2026-07-03,Referral,9.08,Brazil,Desktop,0.368
U02654,2026-02-15,Organic Search,0.0,India,Mobile,0.069
U02655,2026-04-16,Paid Search,14.68,India,Tablet,0.672
U02656,2026-01-09,Referral,1.05,India,Desktop,0.443
U02657,2025-07-27,Paid Social,37.24,Brazil,Mobile,0.199
U02658,2026-02-08,Organic Search,0.0,UK,Mobile,0.209
U02659,2026-02-23,Paid Search,30.95,USA,Mobile,0.165
U02660,2026-02-13,Affiliate,25.05,India,Desktop,0.615
U02661,2025-11-21,Affiliate,4.26,Australia,Desktop,0.475
U02662,2026-02-28,Organic Search,0.0,Germany,Desktop,0.358
U02663,2026-08-02,Referral,10.72,Canada,Desktop,0.043
U02664,2026-04-18,Paid Search,37.8,Germany,Desktop,0.041
U02665,2026-04-23,Organic Search,0.0,UAE,Desktop,0.617
U02666,2026-07-18,Content/SEO,0.0,USA,Desktop,0.343
U02667,2026-04-02,Organic Search,0.0,Canada,Desktop,0.721
U02668,2026-03-01,Email,4.2,India,Mobile,0.041
U02669,2026-06-15,Referral,5.09,Australia,Desktop,0.576
U02670,2026-02-16,Paid Search,37.35,India,Desktop,0.644
U02671,2025-03-03,Paid Search,34.96,UK,Desktop,0.156
U02672,2025-09-10,Referral,4.55,USA,Desktop,0.108
U02673,2026-05-24,Content/SEO,0.0,USA,Desktop,0.671
U02674,2025-12-24,Affiliate,2.29,USA,Desktop,0.506
U02675,2025-08-14,Organic Search,0.0,UK,Tablet,0.189
U02676,2025-05-25,Content/SEO,0.0,Brazil,Desktop,0.206
U02677,2026-05-18,Paid Search,49.49,India,Desktop,0.414
U02678,2026-05-04,Email,3.47,UAE,Mobile,0.5
U02679,2025-12-05,Affiliate,9.69,Germany,Desktop,0.606
U02680,2026-04-12,Organic Search,0.0,India,Desktop,0.34
U02681,2026-04-23,Organic Search,0.0,India,Mobile,0.531
U02682,2025-10-07,Content/SEO,0.0,Brazil,Desktop,0.753
U02683,2026-05-02,Referral,5.51,Australia,Desktop,0.264
U02684,2026-07-06,Referral,7.95,Australia,Desktop,0.509
U02685,2026-03-10,Referral,6.43,Germany,Desktop,0.537
U02686,2026-05-03,Paid Social,52.71,USA,Tablet,0.589
U02687,2026-01-22,Affiliate,3.11,Australia,Desktop,0.62
U02688,2025-09-07,Paid Search,47.32,USA,Mobile,0.062
U02689,2026-05-20,Paid Search,57.67,India,Desktop,0.056
U02690,2026-04-13,Paid Social,24.8,UK,Desktop,0.239
U02691,2025-06-18,Paid Social,34.6,Brazil,Mobile,0.359
U02692,2025-09-02,Affiliate,18.33,Australia,Mobile,0.298
U02693,2025-05-05,Content/SEO,0.0,USA,Desktop,0.679
U02694,2026-04-27,Organic Search,0.0,UK,Desktop,0.663
U02695,2026-06-30,Email,0.41,India,Desktop,0.332
U02696,2025-07-20,Content/SEO,0.0,India,Mobile,0.458
U02697,2026-05-14,Paid Social,33.44,Brazil,Desktop,0.45
U02698,2025-07-24,Paid Social,16.16,USA,Mobile,0.458
U02699,2026-05-08,Paid Search,9.66,USA,Mobile,0.081
U02700,2025-02-19,Referral,8.83,USA,Desktop,0.249
U02701,2026-04-13,Content/SEO,0.0,USA,Mobile,0.379
U02702,2025-05-08,Email,0.93,Canada,Desktop,0.067
U02703,2026-04-17,Paid Search,39.51,India,Mobile,0.492
U02704,2025-05-11,Organic Search,0.0,USA,Desktop,0.096
U02705,2025-09-02,Content/SEO,0.0,USA,Mobile,0.258
U02706,2025-07-03,Email,4.86,Brazil,Mobile,0.351
U02707,2025-05-22,Referral,6.45,Germany,Desktop,0.441
U02708,2025-04-03,Content/SEO,0.0,Canada,Desktop,0.218
U02709,2025-12-22,Referral,7.74,UK,Mobile,0.171
U02710,2025-04-27,Content/SEO,0.0,USA,Desktop,0.282
U02711,2026-01-03,Organic Search,0.0,USA,Mobile,0.551
U02712,2026-05-16,Affiliate,18.62,Canada,Desktop,0.215
U02713,2025-10-17,Paid Search,10.15,Australia,Tablet,0.653
U02714,2026-02-08,Referral,3.22,USA,Desktop,0.368
U02715,2025-09-18,Paid Social,28.37,Australia,Tablet,0.222
U02716,2026-03-30,Paid Search,17.9,India,Mobile,0.291
U02717,2025-11-01,Content/SEO,0.0,India,Desktop,0.613
U02718,2025-07-03,Paid Search,20.35,India,Desktop,0.631
U02719,2025-05-14,Paid Social,34.47,USA,Tablet,0.633
U02720,2025-09-21,Email,3.93,India,Desktop,0.224
U02721,2025-02-19,Referral,7.58,USA,Mobile,0.354
U02722,2025-07-13,Content/SEO,0.0,Germany,Desktop,0.727
U02723,2026-05-18,Paid Search,37.55,UAE,Desktop,0.16
U02724,2025-09-17,Affiliate,16.17,Germany,Desktop,0.548
U02725,2025-09-23,Email,6.13,India,Mobile,0.335
U02726,2025-09-05,Paid Search,43.18,UAE,Desktop,0.497
U02727,2025-06-27,Email,0.74,USA,Mobile,0.084
U02728,2025-05-24,Content/SEO,0.0,Germany,Desktop,0.171
U02729,2026-03-24,Email,2.65,USA,Desktop,0.395
U02730,2026-06-30,Paid Search,54.3,UAE,Mobile,0.098
U02731,2025-04-12,Email,5.02,UAE,Desktop,0.722
U02732,2025-11-29,Paid Search,42.3,Germany,Tablet,0.543
U02733,2025-08-21,Content/SEO,0.0,India,Desktop,0.408
U02734,2026-03-03,Paid Search,16.45,Germany,Desktop,0.458
U02735,2025-11-18,Email,6.74,India,Desktop,0.41
U02736,2026-05-29,Content/SEO,0.0,UK,Mobile,0.101
U02737,2025-12-31,Email,2.18,Germany,Desktop,0.791
U02738,2026-02-09,Organic Search,0.0,USA,Mobile,0.682
U02739,2025-09-10,Paid Search,34.15,USA,Desktop,0.339
U02740,2025-07-25,Content/SEO,0.0,Canada,Desktop,0.395
U02741,2026-06-01,Content/SEO,0.0,UK,Mobile,0.764
U02742,2026-02-07,Affiliate,0.0,USA,Tablet,0.607
U02743,2026-06-22,Paid Social,24.56,Australia,Mobile,0.612
U02744,2025-09-29,Organic Search,0.0,UAE,Desktop,0.378
U02745,2026-01-29,Organic Search,0.0,UAE,Mobile,0.752
U02746,2026-04-03,Referral,1.12,UAE,Mobile,0.214
U02747,2025-04-12,Paid Social,35.36,USA,Desktop,0.41
U02748,2026-04-19,Paid Social,2.49,Germany,Tablet,0.312
U02749,2025-12-08,Referral,3.86,India,Mobile,0.102
U02750,2026-03-27,Content/SEO,0.0,Germany,Mobile,0.414
U02751,2025-11-06,Email,5.6,Germany,Desktop,0.737
U02752,2026-06-02,Referral,3.75,India,Desktop,0.645
U02753,2025-04-02,Organic Search,0.0,India,Mobile,0.52
U02754,2025-04-03,Paid Social,28.59,USA,Desktop,0.338
U02755,2025-09-06,Referral,4.98,USA,Mobile,0.424
U02756,2026-06-30,Content/SEO,0.0,USA,Desktop,0.602
U02757,2025-10-09,Referral,5.46,India,Desktop,0.14
U02758,2025-03-14,Organic Search,0.0,USA,Mobile,0.078
U02759,2026-07-06,Content/SEO,0.0,USA,Mobile,0.181
U02760,2025-03-12,Organic Search,0.0,UK,Desktop,0.767
U02761,2025-10-08,Content/SEO,0.0,India,Desktop,0.727
U02762,2026-06-17,Referral,0.0,Germany,Mobile,0.121
U02763,2026-03-26,Organic Search,0.0,Canada,Tablet,0.159
U02764,2026-02-28,Email,2.22,USA,Desktop,0.183
U02765,2026-06-01,Organic Search,0.0,UK,Mobile,0.417
U02766,2026-01-18,Organic Search,0.0,USA,Desktop,0.403
U02767,2026-01-01,Organic Search,0.0,UK,Mobile,0.19
U02768,2026-01-11,Organic Search,0.0,UAE,Desktop,0.77
U02769,2025-06-19,Paid Search,24.79,UK,Desktop,0.639
U02770,2025-10-28,Affiliate,14.42,USA,Desktop,0.174
U02771,2026-03-04,Affiliate,34.71,India,Mobile,0.723
U02772,2025-11-05,Referral,3.16,India,Desktop,0.624
U02773,2025-06-22,Referral,11.63,UK,Tablet,0.208
U02774,2025-02-06,Paid Search,27.32,UK,Desktop,0.27
U02775,2025-05-06,Organic Search,0.0,Australia,Desktop,0.13
U02776,2025-05-31,Organic Search,0.0,USA,Mobile,0.339
U02777,2026-07-08,Affiliate,19.83,UK,Desktop,0.221
U02778,2025-03-03,Paid Search,11.51,USA,Mobile,0.615
U02779,2026-01-17,Organic Search,0.0,USA,Desktop,0.583
U02780,2025-09-13,Email,6.4,India,Desktop,0.159
U02781,2026-05-01,Paid Search,32.46,India,Mobile,0.457
U02782,2026-01-13,Paid Social,25.03,USA,Mobile,0.163
U02783,2025-12-11,Affiliate,17.4,Germany,Desktop,0.336
U02784,2026-02-19,Paid Search,42.57,Germany,Mobile,0.414
U02785,2025-05-04,Referral,0.0,India,Desktop,0.842
U02786,2026-05-06,Affiliate,6.48,India,Desktop,0.435
U02787,2026-02-19,Referral,1.99,USA,Desktop,0.619
U02788,2025-11-14,Organic Search,0.0,UK,Desktop,0.358
U02789,2025-11-24,Referral,0.0,India,Desktop,0.6
U02790,2026-07-07,Paid Search,44.64,Australia,Desktop,0.24
U02791,2025-10-16,Organic Search,0.0,India,Tablet,0.7
U02792,2026-01-14,Paid Search,49.22,USA,Mobile,0.525
U02793,2025-12-07,Organic Search,0.0,Canada,Desktop,0.292
U02794,2026-05-08,Email,0.39,India,Desktop,0.439
U02795,2026-03-05,Content/SEO,0.0,Australia,Desktop,0.407
U02796,2025-05-07,Referral,2.04,Brazil,Desktop,0.449
U02797,2026-06-20,Affiliate,15.31,India,Desktop,0.429
U02798,2025-07-10,Content/SEO,0.0,UAE,Desktop,0.405
U02799,2026-03-01,Referral,5.87,Australia,Desktop,0.653
U02800,2025-12-05,Organic Search,0.0,USA,Desktop,0.448
U02801,2025-08-02,Organic Search,0.0,USA,Desktop,0.141
U02802,2026-01-10,Content/SEO,0.0,USA,Mobile,0.501
U02803,2025-12-18,Affiliate,18.19,Germany,Desktop,0.295
U02804,2025-07-28,Referral,0.0,Germany,Desktop,0.271
U02805,2026-04-16,Affiliate,26.18,Canada,Desktop,0.444
U02806,2025-06-25,Paid Search,30.55,India,Tablet,0.797
U02807,2026-04-25,Email,2.77,Australia,Desktop,0.063
U02808,2025-03-04,Email,4.94,UAE,Desktop,0.212
U02809,2025-09-29,Paid Search,28.93,USA,Desktop,0.646
U02810,2026-03-24,Content/SEO,0.0,UAE,Desktop,0.377
U02811,2026-05-16,Organic Search,0.0,Canada,Desktop,0.19
U02812,2026-01-04,Paid Social,12.71,Brazil,Tablet,0.618
U02813,2026-01-26,Paid Social,19.59,India,Mobile,0.2
U02814,2025-07-23,Paid Social,42.71,India,Tablet,0.641
U02815,2026-01-19,Email,3.12,Germany,Desktop,0.389
U02816,2026-02-08,Referral,2.67,Brazil,Mobile,0.191
U02817,2025-12-12,Content/SEO,0.0,Germany,Mobile,0.081
U02818,2026-05-01,Paid Search,56.32,Canada,Tablet,0.277
U02819,2025-08-10,Email,3.43,Brazil,Desktop,0.107
U02820,2025-11-12,Referral,2.36,UK,Tablet,0.202
U02821,2026-04-27,Referral,0.0,Brazil,Desktop,0.295
U02822,2026-04-14,Paid Search,28.34,USA,Mobile,0.454
U02823,2025-02-13,Paid Social,6.45,UAE,Desktop,0.707
U02824,2026-04-29,Paid Search,25.75,India,Desktop,0.599
U02825,2026-01-10,Email,0.0,USA,Desktop,0.322
U02826,2025-04-02,Content/SEO,0.0,USA,Desktop,0.428
U02827,2025-08-29,Paid Search,46.37,USA,Mobile,0.287
U02828,2026-05-27,Referral,3.83,USA,Desktop,0.473
U02829,2025-11-14,Affiliate,29.45,Germany,Mobile,0.363
U02830,2026-07-02,Organic Search,0.0,India,Desktop,0.586
U02831,2025-09-27,Paid Social,50.84,India,Desktop,0.389
U02832,2026-06-09,Paid Search,48.47,India,Desktop,0.459
U02833,2025-10-22,Email,2.88,USA,Desktop,0.704
U02834,2026-05-24,Organic Search,0.0,India,Desktop,0.104
U02835,2025-11-18,Paid Social,46.12,USA,Desktop,0.263
U02836,2026-04-12,Paid Social,58.33,USA,Mobile,0.935
U02837,2025-09-08,Paid Search,58.82,India,Desktop,0.155
U02838,2026-03-18,Paid Social,34.86,USA,Mobile,0.397
U02839,2026-02-03,Organic Search,0.0,India,Mobile,0.532
U02840,2026-03-26,Organic Search,0.0,India,Desktop,0.083
U02841,2025-04-16,Paid Search,46.19,Brazil,Desktop,0.514
U02842,2026-07-21,Organic Search,0.0,USA,Desktop,0.079
U02843,2026-06-24,Content/SEO,0.0,Brazil,Desktop,0.394
U02844,2025-09-13,Organic Search,0.0,India,Mobile,0.287
U02845,2025-10-30,Paid Search,50.72,India,Desktop,0.453
U02846,2026-01-19,Content/SEO,0.0,Germany,Desktop,0.505
U02847,2026-04-10,Content/SEO,0.0,Brazil,Desktop,0.252
U02848,2025-12-08,Affiliate,24.87,Australia,Desktop,0.351
U02849,2025-10-16,Organic Search,0.0,USA,Desktop,0.461
U02850,2025-10-01,Organic Search,0.0,India,Mobile,0.427
U02851,2026-05-14,Paid Search,37.51,Germany,Desktop,0.147
U02852,2025-04-23,Affiliate,11.17,Canada,Desktop,0.086
U02853,2025-02-27,Paid Search,68.18,India,Mobile,0.899
U02854,2026-02-04,Paid Search,17.36,USA,Desktop,0.165
U02855,2025-05-21,Paid Search,15.68,Canada,Mobile,0.645
U02856,2025-06-23,Affiliate,25.31,USA,Mobile,0.291
U02857,2026-05-25,Organic Search,0.0,Germany,Mobile,0.341
U02858,2026-05-19,Content/SEO,0.0,India,Desktop,0.376
U02859,2025-08-13,Affiliate,26.8,UK,Mobile,0.373
U02860,2026-06-15,Paid Search,38.08,USA,Desktop,0.277
U02861,2026-02-08,Affiliate,14.0,Brazil,Desktop,0.361
U02862,2025-05-03,Referral,6.82,USA,Desktop,0.461
U02863,2025-08-18,Paid Social,29.84,India,Mobile,0.233
U02864,2025-10-04,Paid Search,67.98,India,Desktop,0.724
U02865,2025-03-23,Paid Social,35.81,Germany,Desktop,0.282
U02866,2026-04-26,Paid Search,34.57,USA,Desktop,0.091
U02867,2025-07-02,Paid Social,30.11,India,Desktop,0.423
U02868,2025-05-18,Organic Search,0.0,USA,Mobile,0.528
U02869,2026-07-02,Organic Search,0.0,India,Mobile,0.198
U02870,2025-10-01,Organic Search,0.0,USA,Tablet,0.116
U02871,2025-04-28,Paid Search,33.79,India,Desktop,0.4
U02872,2025-11-24,Organic Search,0.0,UK,Mobile,0.485
U02873,2025-08-22,Paid Search,66.48,Canada,Desktop,0.278
U02874,2026-06-30,Content/SEO,0.0,UK,Desktop,0.293
U02875,2026-07-25,Referral,7.93,USA,Desktop,0.071
U02876,2025-05-07,Email,2.53,USA,Mobile,0.413
U02877,2026-04-07,Organic Search,0.0,UK,Mobile,0.522
U02878,2025-10-17,Referral,6.23,USA,Mobile,0.09
U02879,2025-04-18,Affiliate,10.52,USA,Desktop,0.785
U02880,2026-01-31,Paid Search,1.11,Canada,Tablet,0.1
U02881,2026-07-04,Organic Search,0.0,Canada,Desktop,0.804
U02882,2025-10-15,Organic Search,0.0,UK,Desktop,0.266
U02883,2025-09-18,Email,7.2,Australia,Mobile,0.698
U02884,2025-11-11,Affiliate,8.37,Brazil,Desktop,0.134
U02885,2025-09-17,Content/SEO,0.0,Brazil,Desktop,0.183
U02886,2026-03-14,Paid Social,20.0,Brazil,Desktop,0.417
U02887,2025-11-09,Organic Search,0.0,UK,Mobile,0.727
U02888,2025-04-10,Organic Search,0.0,USA,Desktop,0.592
U02889,2026-02-19,Content/SEO,0.0,Germany,Mobile,0.647
U02890,2025-09-15,Paid Search,35.25,Germany,Mobile,0.244
U02891,2026-02-06,Affiliate,19.93,USA,Mobile,0.437
U02892,2026-05-13,Paid Search,45.17,Canada,Desktop,0.214
U02893,2026-07-22,Paid Search,30.47,USA,Desktop,0.206
U02894,2025-11-10,Organic Search,0.0,Germany,Mobile,0.34
U02895,2025-02-22,Content/SEO,0.0,India,Mobile,0.792
U02896,2026-07-15,Paid Social,26.54,India,Desktop,0.266
U02897,2026-04-24,Content/SEO,0.0,UK,Desktop,0.492
U02898,2025-04-06,Organic Search,0.0,USA,Desktop,0.479
U02899,2026-07-28,Organic Search,0.0,Brazil,Mobile,0.221
U02900,2025-10-24,Paid Search,60.19,Canada,Mobile,0.596
U02901,2026-03-08,Paid Search,39.46,Australia,Desktop,0.439
U02902,2025-12-05,Organic Search,0.0,India,Desktop,0.308
U02903,2026-06-17,Paid Search,64.1,USA,Mobile,0.149
U02904,2026-06-18,Paid Social,16.87,Canada,Desktop,0.285
U02905,2026-05-15,Referral,5.77,India,Desktop,0.625
U02906,2025-03-31,Content/SEO,0.0,Australia,Desktop,0.297
U02907,2026-01-31,Affiliate,21.02,USA,Tablet,0.443
U02908,2026-02-08,Paid Social,36.57,UAE,Mobile,0.47
U02909,2026-05-01,Content/SEO,0.0,USA,Mobile,0.23
U02910,2025-10-19,Paid Search,61.59,Germany,Mobile,0.133
U02911,2026-07-06,Referral,8.94,UK,Mobile,0.745
U02912,2026-05-02,Paid Search,6.52,USA,Desktop,0.686
U02913,2025-10-18,Content/SEO,0.0,Canada,Desktop,0.578
U02914,2025-09-19,Paid Search,47.37,Canada,Desktop,0.396
U02915,2026-02-23,Email,1.84,USA,Desktop,0.472
U02916,2026-01-08,Organic Search,0.0,Australia,Desktop,0.459
U02917,2026-05-31,Paid Social,21.62,Canada,Mobile,0.511
U02918,2025-06-23,Organic Search,0.0,USA,Desktop,0.399
U02919,2025-06-06,Paid Search,36.31,UK,Desktop,0.456
U02920,2026-02-27,Organic Search,0.0,USA,Mobile,0.071
U02921,2025-07-02,Affiliate,24.49,USA,Desktop,0.226
U02922,2026-02-07,Content/SEO,0.0,Australia,Desktop,0.803
U02923,2025-12-13,Paid Search,25.85,USA,Mobile,0.321
U02924,2025-07-17,Content/SEO,0.0,Germany,Desktop,0.701
U02925,2026-02-11,Paid Search,41.36,USA,Desktop,0.284
U02926,2026-03-09,Referral,7.08,USA,Tablet,0.46
U02927,2025-12-11,Affiliate,18.03,USA,Mobile,0.213
U02928,2026-07-03,Paid Search,37.53,Germany,Desktop,0.262
U02929,2025-11-01,Paid Social,40.59,UK,Desktop,0.226
U02930,2025-07-27,Organic Search,0.0,India,Desktop,0.409
U02931,2026-05-29,Organic Search,0.0,Germany,Mobile,0.176
U02932,2026-03-20,Organic Search,0.0,Australia,Desktop,0.412
U02933,2026-06-26,Paid Search,38.22,India,Mobile,0.508
U02934,2025-03-13,Organic Search,0.0,Brazil,Desktop,0.244
U02935,2026-07-30,Paid Social,18.83,USA,Mobile,0.17
U02936,2026-01-14,Paid Search,31.81,Brazil,Desktop,0.211
U02937,2025-03-17,Email,2.67,Australia,Desktop,0.158
U02938,2025-11-17,Organic Search,0.0,USA,Desktop,0.391
U02939,2025-05-19,Affiliate,28.93,India,Desktop,0.324
U02940,2026-07-18,Organic Search,0.0,Brazil,Mobile,0.492
U02941,2025-07-23,Email,1.49,UK,Desktop,0.143
U02942,2026-06-10,Paid Social,32.17,UK,Mobile,0.738
U02943,2025-11-10,Organic Search,0.0,Germany,Desktop,0.265
U02944,2026-03-27,Content/SEO,0.0,India,Desktop,0.628
U02945,2025-09-03,Email,4.21,Germany,Mobile,0.441
U02946,2025-06-02,Content/SEO,0.0,Germany,Desktop,0.256
U02947,2025-05-25,Organic Search,0.0,Brazil,Desktop,0.549
U02948,2025-03-02,Referral,1.01,India,Desktop,0.609
U02949,2025-12-10,Content/SEO,0.0,Canada,Desktop,0.649
U02950,2026-02-01,Organic Search,0.0,UK,Tablet,0.415
U02951,2026-02-14,Paid Search,48.25,USA,Tablet,0.671
U02952,2025-11-14,Organic Search,0.0,India,Desktop,0.515
U02953,2025-08-27,Paid Social,19.33,Germany,Desktop,0.137
U02954,2026-06-12,Content/SEO,0.0,India,Mobile,0.413
U02955,2026-02-24,Referral,1.44,USA,Desktop,0.128
U02956,2025-07-22,Paid Social,28.78,UK,Desktop,0.441
U02957,2025-07-29,Email,4.64,India,Desktop,0.628
U02958,2025-03-10,Paid Social,23.65,UK,Mobile,0.58
U02959,2025-07-04,Content/SEO,0.0,Germany,Desktop,0.194
U02960,2026-06-20,Organic Search,0.0,UAE,Desktop,0.63
U02961,2025-01-10,Paid Social,16.02,UAE,Mobile,0.164
U02962,2026-01-01,Organic Search,0.0,India,Mobile,0.389
U02963,2025-08-10,Email,2.67,Australia,Desktop,0.387
U02964,2025-06-22,Organic Search,0.0,Australia,Tablet,0.207
U02965,2025-09-11,Email,1.41,USA,Mobile,0.31
U02966,2025-11-26,Organic Search,0.0,USA,Tablet,0.622
U02967,2026-01-27,Content/SEO,0.0,India,Desktop,0.19
U02968,2025-02-04,Affiliate,25.25,India,Mobile,0.259
U02969,2025-10-21,Referral,2.37,USA,Mobile,0.434
U02970,2025-09-11,Email,5.2,USA,Desktop,0.397
U02971,2025-09-22,Organic Search,0.0,USA,Desktop,0.343
U02972,2025-06-25,Content/SEO,0.0,USA,Desktop,0.372
U02973,2026-06-20,Content/SEO,0.0,Canada,Mobile,0.161
U02974,2025-10-04,Paid Search,28.34,India,Desktop,0.24
U02975,2025-09-02,Content/SEO,0.0,Germany,Desktop,0.315
U02976,2025-08-10,Organic Search,0.0,Brazil,Desktop,0.217
U02977,2025-09-07,Content/SEO,0.0,India,Desktop,0.499
U02978,2025-03-10,Email,1.6,Germany,Mobile,0.407
U02979,2026-01-14,Paid Social,38.15,Australia,Mobile,0.625
U02980,2026-02-20,Paid Social,21.22,Germany,Desktop,0.514
U02981,2026-07-06,Organic Search,0.0,UAE,Desktop,0.325
U02982,2025-08-01,Affiliate,18.25,USA,Desktop,0.416
U02983,2025-08-17,Referral,5.54,USA,Desktop,0.56
U02984,2025-12-06,Content/SEO,0.0,UK,Mobile,0.418
U02985,2026-06-09,Content/SEO,0.0,India,Desktop,0.055
U02986,2025-10-15,Referral,10.45,Australia,Desktop,0.568
U02987,2025-03-02,Content/SEO,0.0,Germany,Desktop,0.638
U02988,2026-06-03,Organic Search,0.0,USA,Desktop,0.482
U02989,2026-05-23,Email,2.48,USA,Desktop,0.411
U02990,2026-04-16,Paid Social,17.07,USA,Desktop,0.676
U02991,2026-06-09,Content/SEO,0.0,India,Desktop,0.153
U02992,2025-08-26,Referral,6.21,USA,Desktop,0.5
U02993,2026-07-06,Affiliate,26.54,UK,Desktop,0.152
U02994,2026-03-12,Content/SEO,0.0,USA,Desktop,0.399
U02995,2026-05-08,Affiliate,21.53,USA,Desktop,0.207
U02996,2025-09-27,Paid Search,47.53,India,Desktop,0.224
U02997,2026-01-12,Content/SEO,0.0,Canada,Tablet,0.775
U02998,2025-09-17,Content/SEO,0.0,USA,Desktop,0.412
U02999,2025-07-26,Content/SEO,0.0,USA,Mobile,0.706
U03000,2026-02-22,Organic Search,0.0,UK,Desktop,0.627
U03001,2025-12-03,Referral,7.94,Australia,Desktop,0.637
U03002,2025-12-19,Organic Search,0.0,India,Mobile,0.219
U03003,2025-07-29,Organic Search,0.0,Germany,Mobile,0.293
U03004,2025-08-17,Content/SEO,0.0,Germany,Mobile,0.024
U03005,2026-06-01,Organic Search,0.0,UAE,Desktop,0.154
U03006,2025-07-05,Content/SEO,0.0,Germany,Mobile,0.179
U03007,2025-05-14,Paid Search,39.91,Canada,Desktop,0.194
U03008,2026-01-09,Paid Search,34.98,Australia,Desktop,0.422
U03009,2026-02-18,Email,1.13,Canada,Desktop,0.591
U03010,2026-02-22,Organic Search,0.0,UK,Desktop,0.343
U03011,2025-10-25,Organic Search,0.0,UK,Desktop,0.281
U03012,2025-11-24,Content/SEO,0.0,USA,Mobile,0.612
U03013,2026-03-02,Paid Social,38.41,UAE,Mobile,0.471
U03014,2026-04-01,Organic Search,0.0,USA,Desktop,0.787
U03015,2025-04-25,Affiliate,34.98,USA,Desktop,0.16
U03016,2025-07-21,Paid Search,32.66,USA,Desktop,0.696
U03017,2025-07-09,Content/SEO,0.0,USA,Desktop,0.717
U03018,2026-07-23,Paid Search,55.48,Brazil,Mobile,0.275
U03019,2025-07-11,Organic Search,0.0,USA,Desktop,0.451
U03020,2026-01-05,Organic Search,0.0,Australia,Desktop,0.419
U03021,2025-10-25,Email,2.82,Brazil,Desktop,0.607
U03022,2025-10-01,Paid Search,37.41,Australia,Tablet,0.511
U03023,2025-06-16,Paid Search,38.18,Germany,Desktop,0.144
U03024,2025-11-17,Paid Search,13.37,Brazil,Mobile,0.514
U03025,2025-04-03,Referral,3.33,Germany,Mobile,0.755
U03026,2025-07-20,Paid Search,34.85,Australia,Desktop,0.131
U03027,2026-04-15,Email,4.08,USA,Desktop,0.486
U03028,2025-02-06,Paid Search,38.02,USA,Desktop,0.234
U03029,2025-08-09,Paid Social,34.08,USA,Desktop,0.259
U03030,2025-02-01,Referral,6.06,Brazil,Desktop,0.594
U03031,2025-03-26,Organic Search,0.0,Canada,Mobile,0.527
U03032,2025-08-13,Affiliate,25.09,Canada,Desktop,0.169
U03033,2025-12-19,Paid Search,34.25,India,Tablet,0.318
U03034,2026-02-02,Paid Social,39.64,Germany,Desktop,0.658
U03035,2025-09-22,Paid Search,66.84,USA,Desktop,0.449
U03036,2025-10-30,Paid Social,22.7,Germany,Desktop,0.613
U03037,2026-01-23,Organic Search,0.0,UK,Desktop,0.25
U03038,2025-05-13,Affiliate,0.0,India,Desktop,0.195
U03039,2025-07-02,Paid Social,14.0,USA,Mobile,0.544
U03040,2025-05-08,Affiliate,35.45,Germany,Desktop,0.1
U03041,2026-02-10,Referral,5.29,USA,Desktop,0.192
U03042,2026-05-11,Paid Social,45.5,USA,Mobile,0.464
U03043,2025-06-07,Email,3.07,UK,Mobile,0.472
U03044,2025-08-27,Paid Search,59.0,Australia,Desktop,0.249
U03045,2026-02-17,Email,4.53,India,Mobile,0.714
U03046,2026-02-10,Organic Search,0.0,India,Desktop,0.366
U03047,2026-05-04,Paid Social,34.05,Germany,Desktop,0.888
U03048,2026-07-30,Referral,4.46,India,Mobile,0.447
U03049,2025-11-11,Paid Search,26.38,USA,Mobile,0.556
U03050,2026-05-03,Referral,4.49,USA,Mobile,0.128
U03051,2025-12-11,Referral,4.25,India,Tablet,0.377
U03052,2025-06-22,Affiliate,21.64,Canada,Mobile,0.422
U03053,2025-08-23,Paid Search,54.3,USA,Desktop,0.677
U03054,2025-10-04,Organic Search,0.0,Australia,Desktop,0.102
U03055,2025-07-20,Affiliate,22.29,India,Desktop,0.387
U03056,2025-08-02,Organic Search,0.0,India,Mobile,0.909
U03057,2025-12-31,Organic Search,0.0,India,Tablet,0.143
U03058,2026-04-06,Organic Search,0.0,USA,Tablet,0.492
U03059,2025-04-17,Paid Social,27.09,UK,Desktop,0.303
U03060,2025-03-12,Paid Search,17.39,India,Tablet,0.654
U03061,2026-03-13,Affiliate,6.9,UK,Desktop,0.434
U03062,2025-09-19,Content/SEO,0.0,USA,Mobile,0.313
U03063,2026-04-30,Paid Social,30.32,Australia,Mobile,0.212
U03064,2026-07-29,Referral,5.8,India,Desktop,0.55
U03065,2025-11-15,Paid Search,52.85,UK,Desktop,0.659
U03066,2026-05-04,Content/SEO,0.0,USA,Desktop,0.7
U03067,2025-10-29,Paid Social,18.88,USA,Desktop,0.275
U03068,2025-04-01,Paid Social,40.42,India,Mobile,0.584
U03069,2026-02-16,Referral,5.22,India,Desktop,0.649
U03070,2025-03-13,Referral,0.51,Brazil,Mobile,0.169
U03071,2026-06-01,Affiliate,20.68,Australia,Desktop,0.289
U03072,2025-11-27,Referral,6.1,UK,Desktop,0.334
U03073,2025-10-02,Paid Social,12.88,Canada,Mobile,0.586
U03074,2026-01-03,Organic Search,0.0,India,Desktop,0.393
U03075,2025-07-01,Organic Search,0.0,USA,Desktop,0.665
U03076,2025-04-06,Paid Search,59.19,India,Desktop,0.289
U03077,2025-10-22,Organic Search,0.0,India,Desktop,0.464
U03078,2026-01-25,Affiliate,31.37,Brazil,Desktop,0.039
U03079,2025-11-13,Email,1.27,Germany,Mobile,0.259
U03080,2025-05-18,Organic Search,0.0,India,Desktop,0.78
U03081,2025-05-23,Paid Search,22.83,Brazil,Desktop,0.735
U03082,2026-06-20,Email,0.75,Canada,Desktop,0.315
U03083,2025-07-18,Paid Search,53.77,Brazil,Desktop,0.667
U03084,2025-06-12,Organic Search,0.0,USA,Desktop,0.538
U03085,2025-10-18,Content/SEO,0.0,Australia,Desktop,0.717
U03086,2026-06-09,Paid Search,37.2,UAE,Tablet,0.284
U03087,2026-03-19,Paid Search,21.0,UAE,Desktop,0.553
U03088,2025-07-22,Referral,5.16,Australia,Mobile,0.418
U03089,2026-06-14,Referral,0.0,USA,Mobile,0.438
U03090,2026-01-30,Affiliate,14.65,USA,Mobile,0.281
U03091,2026-03-19,Paid Social,38.87,India,Desktop,0.546
U03092,2026-01-16,Content/SEO,0.0,India,Mobile,0.585
U03093,2025-07-20,Content/SEO,0.0,Australia,Mobile,0.543
U03094,2025-11-15,Paid Search,53.46,UK,Tablet,0.516
U03095,2025-12-04,Organic Search,0.0,USA,Desktop,0.594
U03096,2026-01-18,Referral,3.45,UK,Desktop,0.127
U03097,2025-02-03,Content/SEO,0.0,Brazil,Desktop,0.392
U03098,2026-03-19,Paid Search,22.21,Canada,Desktop,0.341
U03099,2025-12-06,Paid Social,25.68,UK,Desktop,0.267
U03100,2025-03-05,Paid Search,54.88,Brazil,Desktop,0.239
U03101,2025-06-15,Paid Social,32.62,USA,Mobile,0.416
U03102,2025-10-05,Content/SEO,0.0,Canada,Mobile,0.136
U03103,2026-07-03,Paid Search,31.51,Brazil,Mobile,0.309
U03104,2025-06-04,Referral,7.75,UK,Desktop,0.031
U03105,2025-06-25,Paid Social,28.83,UK,Desktop,0.559
U03106,2026-05-16,Paid Search,8.81,Brazil,Desktop,0.437
U03107,2026-03-15,Paid Social,12.56,India,Mobile,0.671
U03108,2026-06-22,Paid Search,58.6,India,Desktop,0.282
U03109,2026-07-02,Organic Search,0.0,UAE,Desktop,0.25
U03110,2025-10-05,Referral,9.18,India,Desktop,0.63
U03111,2026-01-03,Email,3.26,Australia,Desktop,0.367
U03112,2025-06-25,Organic Search,0.0,USA,Desktop,0.33
U03113,2026-05-22,Referral,0.77,USA,Tablet,0.785
U03114,2025-06-09,Affiliate,17.72,India,Desktop,0.052
U03115,2026-04-25,Paid Social,18.39,USA,Mobile,0.587
U03116,2026-02-11,Affiliate,16.65,USA,Desktop,0.08
U03117,2025-09-20,Organic Search,0.0,India,Desktop,0.469
U03118,2025-06-10,Email,1.79,USA,Desktop,0.857
U03119,2025-07-19,Paid Search,33.5,USA,Mobile,0.396
U03120,2025-11-17,Affiliate,32.87,USA,Desktop,0.173
U03121,2025-07-03,Affiliate,12.36,India,Desktop,0.331
U03122,2025-11-19,Paid Search,33.49,Canada,Desktop,0.07
U03123,2025-05-23,Paid Social,21.05,India,Desktop,0.233
U03124,2025-07-03,Organic Search,0.0,Germany,Mobile,0.153
U03125,2025-12-03,Paid Search,38.12,India,Desktop,0.336
U03126,2025-06-18,Content/SEO,0.0,India,Mobile,0.707
U03127,2025-03-01,Affiliate,10.21,India,Mobile,0.584
U03128,2026-03-02,Paid Social,24.11,Canada,Mobile,0.291
U03129,2026-05-10,Referral,5.84,UK,Desktop,0.145
U03130,2025-05-14,Referral,3.51,India,Mobile,0.344
U03131,2025-11-03,Organic Search,0.0,USA,Desktop,0.457
U03132,2026-07-28,Paid Social,11.77,UK,Desktop,0.653
U03133,2026-07-26,Email,1.94,Germany,Tablet,0.471
U03134,2026-04-09,Paid Search,50.9,USA,Desktop,0.217
U03135,2026-04-28,Paid Search,54.57,Canada,Desktop,0.608
U03136,2026-06-27,Organic Search,0.0,Germany,Desktop,0.107
U03137,2025-08-08,Content/SEO,0.0,USA,Desktop,0.398
U03138,2025-12-19,Organic Search,0.0,India,Desktop,0.711
U03139,2025-12-31,Content/SEO,0.0,Brazil,Desktop,0.32
U03140,2026-01-05,Paid Search,39.13,UK,Desktop,0.463
U03141,2025-10-04,Organic Search,0.0,USA,Desktop,0.76
U03142,2026-03-01,Email,1.15,Australia,Desktop,0.408
U03143,2026-03-11,Email,4.07,India,Mobile,0.287
U03144,2025-10-31,Paid Search,30.34,India,Desktop,0.352
U03145,2025-05-12,Content/SEO,0.0,India,Tablet,0.576
U03146,2026-01-10,Paid Social,31.93,USA,Desktop,0.516
U03147,2026-07-19,Paid Search,6.03,India,Desktop,0.33
U03148,2026-06-27,Paid Search,49.63,Germany,Mobile,0.577
U03149,2025-12-06,Affiliate,18.66,Brazil,Desktop,0.489
U03150,2025-04-26,Email,4.3,India,Mobile,0.226
U03151,2025-04-11,Email,4.1,USA,Mobile,0.545
U03152,2025-10-05,Organic Search,0.0,USA,Mobile,0.425
U03153,2025-08-08,Content/SEO,0.0,USA,Mobile,0.51
U03154,2026-04-21,Paid Social,29.02,UK,Desktop,0.544
U03155,2026-06-20,Referral,4.1,India,Mobile,0.356
U03156,2026-06-19,Paid Social,52.15,Australia,Tablet,0.632
U03157,2026-02-19,Organic Search,0.0,India,Desktop,0.319
U03158,2025-05-11,Organic Search,0.0,USA,Desktop,0.145
U03159,2025-04-11,Organic Search,0.0,India,Mobile,0.285
U03160,2026-04-08,Paid Social,45.99,USA,Desktop,0.825
U03161,2026-06-15,Email,4.88,India,Mobile,0.64
U03162,2025-05-05,Affiliate,29.84,Brazil,Mobile,0.36
U03163,2025-06-19,Paid Search,51.05,Canada,Desktop,0.57
U03164,2025-12-07,Affiliate,18.69,USA,Desktop,0.457
U03165,2025-04-14,Referral,1.86,Australia,Desktop,0.682
U03166,2026-05-12,Organic Search,0.0,USA,Desktop,0.474
U03167,2026-05-05,Organic Search,0.0,Australia,Mobile,0.904
U03168,2026-05-31,Email,2.67,UAE,Desktop,0.274
U03169,2026-07-11,Paid Social,29.81,USA,Desktop,0.514
U03170,2025-03-07,Referral,8.79,Germany,Tablet,0.121
U03171,2025-04-08,Paid Search,28.95,Canada,Desktop,0.634
U03172,2025-10-22,Paid Search,32.51,USA,Desktop,0.464
U03173,2026-05-07,Paid Social,33.51,Brazil,Mobile,0.354
U03174,2026-03-01,Content/SEO,0.0,USA,Desktop,0.863
U03175,2026-05-18,Affiliate,22.66,USA,Desktop,0.37
U03176,2025-10-12,Organic Search,0.0,Australia,Desktop,0.457
U03177,2025-11-16,Organic Search,0.0,USA,Desktop,0.38
U03178,2025-04-20,Paid Social,21.63,Australia,Mobile,0.407
U03179,2025-10-30,Paid Search,44.34,India,Desktop,0.825
U03180,2025-11-20,Paid Social,49.71,Brazil,Desktop,0.218
U03181,2026-07-12,Paid Search,27.02,UAE,Mobile,0.166
U03182,2026-04-01,Paid Social,30.25,Canada,Desktop,0.609
U03183,2026-05-11,Paid Search,20.66,USA,Desktop,0.615
U03184,2025-03-29,Email,3.53,Germany,Desktop,0.519
U03185,2025-12-01,Email,3.5,Canada,Desktop,0.303
U03186,2025-05-13,Email,1.76,USA,Desktop,0.63
U03187,2026-05-04,Referral,7.8,India,Desktop,0.453
U03188,2025-12-07,Affiliate,3.88,USA,Desktop,0.674
U03189,2026-07-12,Organic Search,0.0,India,Desktop,0.46
U03190,2026-06-12,Organic Search,0.0,USA,Desktop,0.744
U03191,2025-07-30,Referral,4.57,Canada,Desktop,0.576
U03192,2025-09-16,Paid Search,38.26,India,Desktop,0.652
U03193,2025-11-22,Paid Social,31.96,India,Desktop,0.488
U03194,2025-12-27,Referral,7.24,Germany,Tablet,0.629
U03195,2025-12-14,Organic Search,0.0,USA,Desktop,0.495
U03196,2025-12-13,Paid Search,32.87,USA,Desktop,0.164
U03197,2026-05-25,Paid Search,29.37,UK,Mobile,0.15
U03198,2026-06-18,Paid Search,42.96,USA,Mobile,0.713
U03199,2025-11-29,Email,2.65,USA,Desktop,0.369
U03200,2025-09-27,Content/SEO,0.0,India,Desktop,0.46
U03201,2025-11-10,Referral,7.57,Canada,Desktop,0.539
U03202,2026-03-03,Paid Social,23.36,Germany,Desktop,0.55
U03203,2026-01-01,Paid Search,37.97,Brazil,Desktop,0.202
U03204,2025-10-29,Paid Search,36.25,USA,Desktop,0.118
U03205,2026-03-27,Email,2.1,USA,Desktop,0.244
U03206,2026-02-01,Paid Social,32.86,India,Desktop,0.485
U03207,2025-07-27,Paid Search,54.65,USA,Mobile,0.173
U03208,2026-05-25,Email,1.75,UK,Tablet,0.281
U03209,2025-07-31,Referral,4.45,India,Desktop,0.637
U03210,2025-05-22,Organic Search,0.0,Australia,Desktop,0.341
U03211,2025-08-29,Affiliate,15.18,Australia,Desktop,0.607
U03212,2026-02-24,Organic Search,0.0,USA,Desktop,0.231
U03213,2025-07-21,Paid Search,51.32,Canada,Desktop,0.106
U03214,2026-06-29,Content/SEO,0.0,UAE,Desktop,0.302
U03215,2025-07-08,Paid Social,15.03,India,Desktop,0.12
U03216,2026-01-01,Paid Search,16.52,Germany,Mobile,0.55
U03217,2025-09-23,Content/SEO,0.0,Australia,Mobile,0.657
U03218,2026-05-22,Referral,2.18,USA,Mobile,0.072
U03219,2026-05-05,Content/SEO,0.0,USA,Tablet,0.829
U03220,2025-08-28,Email,5.89,Germany,Desktop,0.504
U03221,2026-03-16,Paid Social,33.74,USA,Mobile,0.1
U03222,2025-02-15,Affiliate,0.66,India,Mobile,0.138
U03223,2025-09-02,Organic Search,0.0,UAE,Mobile,0.71
U03224,2026-04-15,Affiliate,4.25,Brazil,Mobile,0.257
U03225,2026-07-11,Email,3.33,India,Tablet,0.304
U03226,2026-05-03,Paid Social,30.53,USA,Mobile,0.214
U03227,2025-11-28,Email,3.67,India,Desktop,0.249
U03228,2025-02-19,Affiliate,22.73,India,Desktop,0.631
U03229,2025-11-19,Paid Social,29.63,India,Desktop,0.645
U03230,2025-04-02,Paid Social,20.98,India,Tablet,0.247
U03231,2025-04-03,Content/SEO,0.0,USA,Tablet,0.438
U03232,2026-06-27,Paid Social,27.15,Germany,Desktop,0.514
U03233,2026-02-19,Organic Search,0.0,UAE,Mobile,0.317
U03234,2025-07-22,Referral,7.37,India,Desktop,0.228
U03235,2026-04-24,Content/SEO,0.0,USA,Desktop,0.21
U03236,2025-11-12,Paid Search,35.25,UK,Desktop,0.232
U03237,2025-09-21,Paid Search,47.25,India,Mobile,0.505
U03238,2026-03-12,Organic Search,0.0,USA,Desktop,0.636
U03239,2026-06-24,Paid Search,18.19,Australia,Mobile,0.23
U03240,2026-03-21,Content/SEO,0.0,USA,Desktop,0.684
U03241,2026-06-27,Paid Search,29.74,UAE,Desktop,0.743
U03242,2026-01-13,Referral,4.26,USA,Desktop,0.134
U03243,2026-04-01,Paid Social,29.32,India,Mobile,0.34
U03244,2025-09-05,Referral,5.17,India,Tablet,0.732
U03245,2025-12-13,Organic Search,0.0,USA,Desktop,0.459
U03246,2026-07-07,Paid Search,32.32,UK,Mobile,0.297
U03247,2025-12-19,Paid Search,36.89,UK,Mobile,0.273
U03248,2026-07-13,Organic Search,0.0,USA,Desktop,0.302
U03249,2026-07-15,Paid Search,15.0,USA,Desktop,0.236
U03250,2025-11-20,Referral,3.06,UK,Desktop,0.582
U03251,2026-02-24,Email,2.84,India,Desktop,0.537
U03252,2025-04-05,Paid Social,18.33,India,Mobile,0.836
U03253,2026-04-13,Content/SEO,0.0,India,Desktop,0.372
U03254,2025-06-12,Paid Social,41.36,India,Desktop,0.374
U03255,2025-11-05,Paid Social,40.75,UAE,Desktop,0.326
U03256,2025-10-24,Content/SEO,0.0,UK,Desktop,0.18
U03257,2026-02-17,Paid Search,23.02,India,Desktop,0.018
U03258,2025-10-28,Paid Social,14.96,UK,Desktop,0.495
U03259,2025-05-17,Content/SEO,0.0,India,Desktop,0.279
U03260,2026-03-10,Organic Search,0.0,Australia,Mobile,0.56
U03261,2025-10-02,Paid Social,33.37,USA,Desktop,0.149
U03262,2025-12-16,Email,3.32,Germany,Desktop,0.485
U03263,2025-08-11,Organic Search,0.0,USA,Desktop,0.652
U03264,2025-05-06,Paid Search,47.7,USA,Mobile,0.139
U03265,2026-01-20,Referral,4.05,Canada,Desktop,0.24
U03266,2025-08-29,Organic Search,0.0,USA,Mobile,0.28
U03267,2025-08-14,Paid Social,58.51,USA,Mobile,0.204
U03268,2026-01-30,Email,6.2,India,Desktop,0.804
U03269,2026-03-02,Affiliate,33.46,USA,Desktop,0.464
U03270,2026-02-28,Referral,5.29,USA,Desktop,0.145
U03271,2026-03-08,Referral,3.76,USA,Desktop,0.581
U03272,2026-04-28,Organic Search,0.0,India,Mobile,0.184
U03273,2026-03-26,Paid Social,17.41,USA,Desktop,0.185
U03274,2026-03-04,Paid Social,21.19,UAE,Mobile,0.362
U03275,2026-01-30,Email,4.81,UK,Mobile,0.182
U03276,2025-12-13,Referral,8.82,Australia,Desktop,0.59
U03277,2025-10-10,Paid Social,33.26,UK,Desktop,0.497
U03278,2025-04-07,Content/SEO,0.0,Germany,Desktop,0.461
U03279,2025-08-10,Content/SEO,0.0,UK,Desktop,0.527
U03280,2025-09-26,Paid Search,49.85,Germany,Tablet,0.286
U03281,2025-10-15,Paid Social,20.68,Germany,Desktop,0.33
U03282,2025-12-24,Referral,1.58,USA,Desktop,0.228
U03283,2025-11-22,Paid Social,37.99,USA,Desktop,0.511
U03284,2026-05-01,Referral,10.04,USA,Desktop,0.687
U03285,2025-12-10,Referral,4.51,Brazil,Desktop,0.382
U03286,2025-12-08,Organic Search,0.0,Brazil,Tablet,0.571
U03287,2025-10-31,Paid Social,21.6,Canada,Desktop,0.358
U03288,2025-03-11,Affiliate,22.75,India,Mobile,0.157
U03289,2026-04-23,Paid Social,39.89,India,Mobile,0.504
U03290,2025-10-05,Paid Search,30.6,USA,Mobile,0.264
U03291,2025-11-26,Paid Search,74.55,Germany,Desktop,0.276
U03292,2026-05-12,Content/SEO,0.0,Canada,Desktop,0.635
U03293,2025-10-20,Content/SEO,0.0,India,Desktop,0.579
U03294,2026-07-12,Email,0.51,Germany,Desktop,0.455
U03295,2025-10-19,Paid Social,34.67,Germany,Desktop,0.546
U03296,2026-07-26,Affiliate,4.93,Canada,Desktop,0.268
U03297,2025-11-10,Organic Search,0.0,India,Tablet,0.117
U03298,2026-01-29,Paid Search,0.0,UK,Desktop,0.137
U03299,2026-07-19,Organic Search,0.0,Australia,Desktop,0.242
U03300,2025-07-28,Organic Search,0.0,USA,Mobile,0.519
U03301,2025-11-07,Paid Social,37.19,Canada,Tablet,0.637
U03302,2026-07-15,Content/SEO,0.0,Canada,Desktop,0.352
U03303,2025-08-05,Email,0.0,USA,Mobile,0.49
U03304,2025-03-21,Content/SEO,0.0,India,Desktop,0.301
U03305,2025-04-09,Referral,5.16,USA,Mobile,0.075
U03306,2025-10-07,Organic Search,0.0,Canada,Desktop,0.033
U03307,2026-01-10,Email,3.24,Brazil,Desktop,0.442
U03308,2025-07-01,Referral,0.29,India,Tablet,0.027
U03309,2025-05-23,Referral,3.06,USA,Desktop,0.565
U03310,2025-11-27,Paid Social,39.03,USA,Desktop,0.458
U03311,2025-09-18,Organic Search,0.0,Australia,Mobile,0.414
U03312,2026-03-18,Organic Search,0.0,UK,Mobile,0.305
U03313,2026-04-14,Referral,6.38,USA,Mobile,0.417
U03314,2025-05-30,Email,3.34,India,Desktop,0.198
U03315,2025-10-07,Paid Social,28.16,USA,Desktop,0.183
U03316,2025-12-20,Content/SEO,0.0,Brazil,Mobile,0.369
U03317,2025-07-29,Paid Social,11.14,Australia,Desktop,0.563
U03318,2026-05-26,Paid Social,28.77,India,Desktop,0.369
U03319,2026-06-09,Paid Social,27.39,USA,Desktop,0.136
U03320,2026-01-06,Paid Social,14.09,India,Desktop,0.512
U03321,2026-05-29,Organic Search,0.0,Canada,Desktop,0.131
U03322,2026-02-13,Organic Search,0.0,USA,Desktop,0.05
U03323,2025-04-18,Paid Search,25.14,USA,Tablet,0.257
U03324,2026-07-18,Affiliate,12.45,USA,Mobile,0.15
U03325,2025-09-11,Organic Search,0.0,Brazil,Tablet,0.438
U03326,2026-03-25,Organic Search,0.0,UK,Mobile,0.847
U03327,2025-05-27,Affiliate,12.23,India,Desktop,0.087
U03328,2026-06-29,Organic Search,0.0,Germany,Desktop,0.241
U03329,2025-08-16,Paid Social,53.23,Brazil,Desktop,0.329
U03330,2026-07-09,Organic Search,0.0,India,Desktop,0.621
U03331,2025-07-25,Paid Search,33.66,Canada,Desktop,0.559
U03332,2025-08-27,Paid Social,27.53,Canada,Mobile,0.484
U03333,2025-06-23,Referral,1.36,Brazil,Desktop,0.068
U03334,2025-10-11,Organic Search,0.0,UAE,Mobile,0.367
U03335,2025-03-04,Content/SEO,0.0,Canada,Desktop,0.451
U03336,2026-04-04,Affiliate,7.72,UAE,Desktop,0.152
U03337,2026-01-09,Referral,8.09,USA,Desktop,0.393
U03338,2025-12-29,Affiliate,1.37,USA,Desktop,0.331
U03339,2026-02-06,Organic Search,0.0,India,Mobile,0.29
U03340,2025-10-17,Paid Social,41.72,India,Mobile,0.442
U03341,2026-04-30,Affiliate,15.0,USA,Desktop,0.543
U03342,2026-04-21,Content/SEO,0.0,Australia,Desktop,0.133
U03343,2026-03-29,Email,1.64,Germany,Mobile,0.021
U03344,2025-04-29,Paid Social,22.65,USA,Mobile,0.881
U03345,2026-01-02,Referral,2.05,India,Desktop,0.136
U03346,2026-06-22,Organic Search,0.0,India,Mobile,0.54
U03347,2025-08-31,Affiliate,12.18,India,Desktop,0.464
U03348,2026-05-23,Paid Social,17.72,USA,Desktop,0.373
U03349,2025-08-06,Referral,5.06,USA,Mobile,0.379
U03350,2025-11-27,Email,3.32,Canada,Desktop,0.639
U03351,2026-01-15,Affiliate,17.72,USA,Mobile,0.31
U03352,2025-07-01,Content/SEO,0.0,USA,Desktop,0.026
U03353,2026-02-10,Organic Search,0.0,USA,Desktop,0.274
U03354,2026-05-17,Referral,7.31,USA,Desktop,0.775
U03355,2026-02-04,Referral,1.39,India,Desktop,0.227
U03356,2026-04-20,Organic Search,0.0,USA,Desktop,0.779
U03357,2025-10-09,Paid Social,32.62,Canada,Desktop,0.408
U03358,2026-02-24,Email,0.5,USA,Mobile,0.287
U03359,2026-03-02,Affiliate,44.43,Canada,Desktop,0.292
U03360,2025-03-23,Referral,6.13,UK,Desktop,0.591
U03361,2026-02-12,Referral,2.13,India,Desktop,0.365
U03362,2026-05-27,Email,5.79,Germany,Mobile,0.212
U03363,2025-08-14,Paid Search,66.06,USA,Desktop,0.539
U03364,2025-06-30,Affiliate,37.52,USA,Mobile,0.393
U03365,2025-07-19,Organic Search,0.0,India,Mobile,0.15
U03366,2026-01-09,Organic Search,0.0,UAE,Mobile,0.558
U03367,2025-08-17,Referral,6.06,India,Desktop,0.313
U03368,2025-08-25,Paid Social,41.32,USA,Desktop,0.467
U03369,2026-03-16,Paid Search,33.04,Australia,Desktop,0.149
U03370,2026-03-14,Paid Search,40.39,UK,Desktop,0.337
U03371,2026-02-12,Email,6.14,India,Desktop,0.826
U03372,2026-05-23,Organic Search,0.0,USA,Desktop,0.103
U03373,2025-10-16,Organic Search,0.0,India,Desktop,0.586
U03374,2026-04-03,Paid Search,8.4,USA,Desktop,0.013
U03375,2025-04-09,Email,2.92,Brazil,Mobile,0.563
U03376,2026-02-05,Content/SEO,0.0,UK,Mobile,0.103
U03377,2026-03-06,Paid Search,25.13,Australia,Desktop,0.191
U03378,2026-04-16,Paid Social,0.0,Canada,Mobile,0.33
U03379,2026-03-10,Organic Search,0.0,USA,Desktop,0.484
U03380,2026-06-16,Content/SEO,0.0,Germany,Mobile,0.168
U03381,2025-12-16,Affiliate,37.54,India,Desktop,0.388
U03382,2025-07-02,Referral,4.52,India,Desktop,0.075
U03383,2025-12-25,Paid Search,33.58,Canada,Mobile,0.049
U03384,2026-08-02,Organic Search,0.0,USA,Mobile,0.292
U03385,2026-01-18,Affiliate,5.81,USA,Desktop,0.161
U03386,2026-07-08,Paid Social,16.27,India,Desktop,0.187
U03387,2025-08-15,Referral,6.12,India,Mobile,0.14
U03388,2026-02-14,Content/SEO,0.0,Australia,Desktop,0.244
U03389,2025-05-24,Organic Search,0.0,UK,Desktop,0.487
U03390,2025-08-12,Paid Search,19.79,USA,Desktop,0.492
U03391,2025-08-14,Paid Social,40.03,India,Tablet,0.29
U03392,2025-08-31,Paid Social,15.46,Australia,Desktop,0.499
U03393,2025-08-31,Organic Search,0.0,Brazil,Desktop,0.874
U03394,2025-08-05,Referral,6.97,India,Desktop,0.576
U03395,2026-04-21,Organic Search,0.0,Canada,Desktop,0.392
U03396,2026-03-08,Email,1.76,USA,Mobile,0.187
U03397,2025-03-01,Organic Search,0.0,UK,Desktop,0.49
U03398,2025-09-28,Organic Search,0.0,USA,Mobile,0.709
U03399,2026-07-22,Email,7.56,UK,Desktop,0.371
U03400,2026-07-19,Content/SEO,0.0,USA,Mobile,0.503
U03401,2025-08-08,Paid Search,11.66,USA,Mobile,0.388
U03402,2025-12-30,Email,1.48,India,Mobile,0.172
U03403,2025-04-23,Referral,7.04,India,Desktop,0.07
U03404,2025-10-11,Paid Social,33.31,India,Desktop,0.43
U03405,2025-11-03,Paid Search,36.82,India,Mobile,0.533
U03406,2025-09-25,Paid Social,31.52,Germany,Mobile,0.18
U03407,2026-05-17,Organic Search,0.0,India,Mobile,0.593
U03408,2025-11-01,Paid Search,6.77,India,Mobile,0.318
U03409,2025-03-29,Paid Social,0.0,UAE,Mobile,0.186
U03410,2026-01-20,Organic Search,0.0,USA,Mobile,0.878
U03411,2026-03-17,Email,4.09,USA,Desktop,0.736
U03412,2026-04-01,Content/SEO,0.0,India,Mobile,0.179
U03413,2026-05-21,Paid Social,42.73,UK,Desktop,0.367
U03414,2026-02-14,Organic Search,0.0,Australia,Desktop,0.595
U03415,2025-06-04,Content/SEO,0.0,India,Tablet,0.123
U03416,2025-11-09,Organic Search,0.0,USA,Mobile,0.543
U03417,2026-04-21,Paid Search,17.16,India,Desktop,0.226
U03418,2025-10-22,Paid Social,34.45,India,Mobile,0.109
U03419,2026-05-04,Email,2.55,UK,Desktop,0.07
U03420,2025-04-08,Paid Social,52.47,UK,Desktop,0.223
U03421,2026-07-03,Paid Search,33.69,Australia,Desktop,0.414
U03422,2026-07-31,Paid Search,3.66,USA,Mobile,0.184
U03423,2025-01-12,Paid Search,57.71,India,Mobile,0.417
U03424,2026-07-02,Organic Search,0.0,USA,Mobile,0.43
U03425,2026-06-17,Email,0.0,India,Desktop,0.241
U03426,2026-04-01,Paid Social,36.6,Brazil,Mobile,0.541
U03427,2025-07-03,Referral,0.0,India,Desktop,0.383
U03428,2026-03-12,Referral,0.57,Australia,Desktop,0.314
U03429,2026-05-22,Paid Social,35.27,Canada,Desktop,0.715
U03430,2026-01-30,Referral,8.1,USA,Desktop,0.444
U03431,2025-05-01,Paid Search,40.29,India,Desktop,0.721
U03432,2025-08-31,Paid Social,18.77,UAE,Desktop,0.288
U03433,2025-01-28,Referral,10.77,Canada,Mobile,0.503
U03434,2026-08-01,Email,1.54,USA,Desktop,0.428
U03435,2025-12-08,Paid Search,50.15,UK,Mobile,0.41
U03436,2025-08-13,Content/SEO,0.0,USA,Desktop,0.159
U03437,2026-03-24,Paid Social,27.99,Germany,Tablet,0.483
U03438,2026-02-17,Organic Search,0.0,Australia,Mobile,0.496
U03439,2026-04-13,Email,7.53,India,Desktop,0.359
U03440,2025-02-20,Paid Social,51.69,Germany,Desktop,0.295
U03441,2025-04-24,Email,5.23,Brazil,Desktop,0.221
U03442,2025-07-13,Referral,8.23,UAE,Desktop,0.544
U03443,2025-11-19,Content/SEO,0.0,India,Desktop,0.396
U03444,2026-01-12,Paid Social,20.15,India,Mobile,0.217
U03445,2025-11-30,Paid Search,3.05,India,Desktop,0.08
U03446,2026-05-18,Organic Search,0.0,Canada,Mobile,0.524
U03447,2025-12-17,Affiliate,0.0,USA,Mobile,0.154
U03448,2025-04-29,Referral,7.43,India,Mobile,0.22
U03449,2026-07-31,Paid Search,33.23,India,Desktop,0.636
U03450,2025-11-21,Referral,10.54,UAE,Desktop,0.545
U03451,2026-01-02,Paid Search,4.21,India,Desktop,0.776
U03452,2026-02-25,Email,6.55,UK,Mobile,0.402
U03453,2026-03-28,Paid Social,14.27,India,Desktop,0.582
U03454,2026-06-26,Organic Search,0.0,USA,Mobile,0.651
U03455,2025-09-14,Content/SEO,0.0,UAE,Desktop,0.351
U03456,2026-07-02,Paid Social,35.43,UK,Desktop,0.184
U03457,2025-07-12,Organic Search,0.0,USA,Desktop,0.545
U03458,2026-07-30,Paid Search,37.59,India,Mobile,0.391
U03459,2026-04-22,Paid Search,45.13,Brazil,Tablet,0.562
U03460,2025-11-08,Content/SEO,0.0,Brazil,Mobile,0.467
U03461,2026-06-12,Organic Search,0.0,USA,Mobile,0.447
U03462,2026-03-20,Content/SEO,0.0,USA,Mobile,0.406
U03463,2025-07-08,Affiliate,15.24,UK,Mobile,0.424
U03464,2026-06-14,Organic Search,0.0,Australia,Desktop,0.119
U03465,2026-03-19,Organic Search,0.0,UAE,Desktop,0.528
U03466,2026-05-04,Content/SEO,0.0,UK,Mobile,0.165
U03467,2025-11-19,Paid Search,49.27,USA,Mobile,0.671
U03468,2026-03-16,Email,0.4,India,Desktop,0.584
U03469,2025-04-22,Paid Search,61.16,Australia,Tablet,0.713
U03470,2025-04-16,Content/SEO,0.0,USA,Desktop,0.875
U03471,2025-07-05,Organic Search,0.0,Canada,Mobile,0.238
U03472,2026-02-03,Paid Search,44.01,India,Desktop,0.036
U03473,2025-08-27,Referral,8.3,India,Mobile,0.34
U03474,2026-02-23,Content/SEO,0.0,India,Mobile,0.421
U03475,2025-12-14,Paid Social,7.13,Brazil,Mobile,0.436
U03476,2026-06-21,Paid Search,23.87,Australia,Mobile,0.506
U03477,2026-05-11,Email,3.83,USA,Mobile,0.596
U03478,2025-08-24,Organic Search,0.0,USA,Desktop,0.558
U03479,2026-01-25,Affiliate,22.02,Germany,Desktop,0.264
U03480,2025-12-16,Organic Search,0.0,Australia,Mobile,0.242
U03481,2025-12-08,Paid Search,17.24,USA,Mobile,0.129
U03482,2026-01-19,Affiliate,16.27,Australia,Mobile,0.596
U03483,2025-11-05,Organic Search,0.0,USA,Desktop,0.272
U03484,2026-05-06,Organic Search,0.0,USA,Desktop,0.368
U03485,2026-06-21,Paid Search,58.02,India,Desktop,0.289
U03486,2026-04-27,Referral,12.18,India,Mobile,0.542
U03487,2025-11-20,Organic Search,0.0,India,Desktop,0.388
U03488,2025-08-04,Paid Search,34.66,India,Mobile,0.298
U03489,2025-03-10,Paid Search,65.61,India,Desktop,0.495
U03490,2026-02-28,Organic Search,0.0,USA,Mobile,0.41
U03491,2025-11-13,Content/SEO,0.0,USA,Tablet,0.711
U03492,2025-10-03,Paid Search,21.54,Germany,Desktop,0.075
U03493,2025-02-06,Paid Social,33.44,India,Desktop,0.38
U03494,2026-05-27,Referral,9.92,Germany,Mobile,0.242
U03495,2026-01-17,Paid Social,35.71,Australia,Desktop,0.085
U03496,2025-09-01,Paid Social,35.7,USA,Desktop,0.082
U03497,2026-03-11,Paid Social,22.83,Brazil,Mobile,0.468
U03498,2026-04-09,Organic Search,0.0,Canada,Desktop,0.632
U03499,2026-03-14,Paid Search,10.22,India,Desktop,0.195
U03500,2025-05-08,Paid Search,17.36,Brazil,Desktop,0.321
U03501,2025-05-06,Content/SEO,0.0,India,Mobile,0.216
U03502,2026-04-28,Paid Search,34.97,India,Desktop,0.189
U03503,2025-09-02,Organic Search,0.0,USA,Mobile,0.382
U03504,2025-06-22,Affiliate,18.98,UK,Desktop,0.162
U03505,2025-11-24,Referral,6.77,USA,Mobile,0.696
U03506,2025-08-20,Content/SEO,0.0,USA,Mobile,0.055
U03507,2025-11-10,Email,1.21,Canada,Desktop,0.168
U03508,2026-02-28,Referral,4.14,India,Desktop,0.23
U03509,2025-08-21,Organic Search,0.0,USA,Desktop,0.67
U03510,2026-07-06,Email,2.17,USA,Mobile,0.469
U03511,2025-10-15,Email,5.96,India,Desktop,0.192
U03512,2025-05-01,Content/SEO,0.0,UAE,Desktop,0.682
U03513,2026-06-01,Organic Search,0.0,UAE,Desktop,0.574
U03514,2026-04-16,Paid Search,64.51,India,Desktop,0.402
U03515,2025-09-26,Paid Search,38.04,USA,Mobile,0.413
U03516,2026-02-01,Paid Search,25.15,USA,Desktop,0.216
U03517,2025-11-11,Content/SEO,0.0,Germany,Desktop,0.387
U03518,2026-02-07,Content/SEO,0.0,USA,Desktop,0.372
U03519,2025-04-29,Organic Search,0.0,Canada,Mobile,0.498
U03520,2026-06-06,Paid Social,13.41,USA,Mobile,0.162
U03521,2026-06-03,Referral,4.75,USA,Mobile,0.557
U03522,2025-05-21,Content/SEO,0.0,USA,Desktop,0.553
U03523,2026-07-02,Paid Search,46.48,India,Desktop,0.124
U03524,2025-12-03,Organic Search,0.0,USA,Desktop,0.689
U03525,2026-05-01,Paid Search,48.27,Germany,Desktop,0.958
U03526,2025-10-10,Paid Search,27.07,USA,Tablet,0.372
U03527,2026-02-01,Referral,0.68,India,Mobile,0.499
U03528,2025-07-08,Paid Social,34.66,USA,Desktop,0.234
U03529,2026-01-08,Paid Social,26.17,India,Desktop,0.331
U03530,2026-05-16,Paid Social,34.38,USA,Desktop,0.514
U03531,2026-04-17,Affiliate,34.98,India,Desktop,0.642
U03532,2025-04-15,Paid Search,24.8,UK,Mobile,0.649
U03533,2026-06-21,Paid Search,33.11,Australia,Tablet,0.417
U03534,2026-05-09,Organic Search,0.0,USA,Mobile,0.667
U03535,2025-09-03,Paid Social,18.19,USA,Desktop,0.649
U03536,2026-01-08,Referral,6.49,India,Mobile,0.283
U03537,2025-06-04,Referral,5.47,USA,Mobile,0.597
U03538,2026-02-04,Paid Search,36.88,India,Desktop,0.241
U03539,2026-02-22,Organic Search,0.0,India,Desktop,0.697
U03540,2026-03-26,Paid Social,29.22,USA,Mobile,0.416
U03541,2026-01-18,Content/SEO,0.0,Canada,Desktop,0.38
U03542,2025-11-11,Paid Search,26.28,Germany,Desktop,0.171
U03543,2026-06-03,Content/SEO,0.0,India,Mobile,0.762
U03544,2025-11-15,Affiliate,25.53,USA,Desktop,0.091
U03545,2025-11-04,Referral,8.42,India,Mobile,0.768
U03546,2025-08-24,Organic Search,0.0,Canada,Desktop,0.404
U03547,2025-07-03,Paid Social,29.7,UAE,Desktop,0.204
U03548,2025-03-22,Paid Social,4.77,USA,Mobile,0.238
U03549,2026-03-21,Paid Social,44.51,Canada,Desktop,0.413
U03550,2025-10-07,Paid Search,35.91,USA,Desktop,0.405
U03551,2026-03-09,Paid Search,37.89,Brazil,Mobile,0.057
U03552,2026-05-09,Paid Social,39.09,UK,Desktop,0.465
U03553,2026-07-16,Referral,6.07,USA,Desktop,0.909
U03554,2025-11-25,Organic Search,0.0,UK,Mobile,0.335
U03555,2025-10-30,Paid Social,26.25,USA,Desktop,0.357
U03556,2026-04-23,Affiliate,25.41,Brazil,Mobile,0.204
U03557,2026-02-15,Email,1.95,USA,Desktop,0.336
U03558,2026-06-10,Email,2.58,USA,Desktop,0.631
U03559,2025-12-30,Organic Search,0.0,USA,Tablet,0.101
U03560,2026-03-08,Paid Search,47.42,USA,Mobile,0.075
U03561,2025-07-23,Paid Social,0.0,India,Desktop,0.34
U03562,2025-12-14,Paid Social,11.32,USA,Desktop,0.803
U03563,2025-08-08,Paid Social,36.0,USA,Mobile,0.241
U03564,2026-01-16,Affiliate,45.19,USA,Mobile,0.368
U03565,2026-01-27,Email,4.25,UK,Desktop,0.316
U03566,2026-04-02,Referral,0.0,India,Desktop,0.303
U03567,2025-10-22,Paid Social,51.88,Germany,Desktop,0.22
U03568,2026-02-14,Organic Search,0.0,Canada,Desktop,0.663
U03569,2026-06-24,Paid Search,25.83,USA,Mobile,0.436
U03570,2026-06-04,Referral,6.72,Canada,Desktop,0.391
U03571,2025-03-25,Content/SEO,0.0,UK,Desktop,0.324
U03572,2026-05-18,Content/SEO,0.0,Brazil,Mobile,0.508
U03573,2025-05-26,Paid Social,34.91,USA,Mobile,0.243
U03574,2025-06-13,Affiliate,11.67,USA,Mobile,0.446
U03575,2025-10-07,Organic Search,0.0,USA,Mobile,0.445
U03576,2025-01-26,Paid Search,0.0,Brazil,Desktop,0.671
U03577,2026-06-30,Paid Social,30.77,India,Mobile,0.123
U03578,2026-02-07,Paid Search,33.1,India,Desktop,0.735
U03579,2025-08-04,Referral,2.9,India,Desktop,0.554
U03580,2026-02-17,Paid Social,39.53,India,Desktop,0.635
U03581,2025-05-23,Paid Social,24.28,Brazil,Mobile,0.389
U03582,2025-02-28,Affiliate,19.94,UAE,Mobile,0.471
U03583,2026-06-10,Content/SEO,0.0,Australia,Desktop,0.795
U03584,2025-04-29,Paid Social,18.75,Canada,Mobile,0.157
U03585,2026-01-06,Paid Social,27.3,India,Desktop,0.505
U03586,2026-07-06,Organic Search,0.0,India,Desktop,0.591
U03587,2026-04-24,Referral,4.2,Canada,Desktop,0.376
U03588,2026-07-08,Paid Social,30.78,UAE,Mobile,0.547
U03589,2026-07-14,Paid Search,31.57,USA,Mobile,0.438
U03590,2026-04-13,Organic Search,0.0,India,Desktop,0.117
U03591,2025-08-15,Organic Search,0.0,India,Desktop,0.303
U03592,2025-11-10,Paid Search,18.16,USA,Mobile,0.894
U03593,2026-07-13,Referral,5.99,USA,Desktop,0.222
U03594,2025-06-23,Paid Social,27.99,USA,Mobile,0.1
U03595,2026-06-26,Paid Search,27.65,UK,Tablet,0.203
U03596,2026-02-19,Email,6.02,Australia,Mobile,0.292
U03597,2025-11-19,Affiliate,24.35,UK,Desktop,0.682
U03598,2025-02-13,Paid Social,26.66,Brazil,Mobile,0.68
U03599,2026-06-12,Content/SEO,0.0,USA,Desktop,0.435
U03600,2026-08-02,Email,2.28,USA,Mobile,0.501
U03601,2025-09-10,Email,0.0,USA,Desktop,0.183
U03602,2025-04-17,Email,3.07,USA,Mobile,0.457
U03603,2026-02-07,Organic Search,0.0,USA,Desktop,0.123
U03604,2025-04-02,Affiliate,33.64,USA,Desktop,0.504
U03605,2025-12-02,Organic Search,0.0,Australia,Mobile,0.416
U03606,2026-01-29,Paid Search,31.41,Germany,Mobile,0.295
U03607,2026-07-07,Referral,3.45,UAE,Desktop,0.274
U03608,2026-05-31,Affiliate,18.02,India,Mobile,0.642
U03609,2025-05-04,Referral,10.63,USA,Mobile,0.166
U03610,2025-07-07,Paid Social,15.21,Canada,Desktop,0.695
U03611,2025-10-08,Paid Social,24.15,USA,Desktop,0.103
U03612,2025-06-10,Paid Social,21.21,USA,Mobile,0.403
U03613,2026-06-22,Email,5.57,USA,Desktop,0.802
U03614,2026-03-23,Paid Search,34.78,India,Desktop,0.303
U03615,2025-11-08,Referral,4.2,UK,Desktop,0.716
U03616,2025-09-10,Organic Search,0.0,USA,Mobile,0.257
U03617,2025-09-26,Organic Search,0.0,UK,Tablet,0.482
U03618,2025-07-18,Content/SEO,0.0,Canada,Desktop,0.451
U03619,2025-06-26,Paid Search,29.87,USA,Mobile,0.07
U03620,2026-04-25,Paid Search,18.7,Australia,Mobile,0.236
U03621,2025-05-05,Email,1.27,USA,Mobile,0.529
U03622,2026-02-10,Organic Search,0.0,USA,Mobile,0.674
U03623,2025-06-01,Organic Search,0.0,USA,Desktop,0.381
U03624,2025-07-20,Paid Search,26.86,USA,Mobile,0.479
U03625,2026-03-21,Organic Search,0.0,USA,Mobile,0.059
U03626,2026-04-26,Paid Search,26.32,India,Desktop,0.101
U03627,2025-08-30,Paid Search,22.78,Germany,Desktop,0.45
U03628,2025-12-01,Referral,6.05,Australia,Desktop,0.117
U03629,2026-07-22,Email,4.51,India,Desktop,0.399
U03630,2025-12-30,Organic Search,0.0,Germany,Desktop,0.517
U03631,2025-03-11,Content/SEO,0.0,Canada,Desktop,0.247
U03632,2026-06-02,Referral,4.9,India,Mobile,0.215
U03633,2025-06-21,Content/SEO,0.0,USA,Mobile,0.553
U03634,2025-08-05,Paid Search,12.17,India,Desktop,0.701
U03635,2025-03-05,Organic Search,0.0,Germany,Desktop,0.341
U03636,2025-07-24,Organic Search,0.0,UK,Desktop,0.509
U03637,2026-02-20,Paid Search,36.31,UK,Desktop,0.629
U03638,2025-12-03,Content/SEO,0.0,UK,Mobile,0.22
U03639,2026-06-02,Organic Search,0.0,India,Desktop,0.666
U03640,2026-02-08,Referral,2.39,USA,Mobile,0.415
U03641,2025-05-20,Paid Search,17.16,India,Desktop,0.496
U03642,2026-05-14,Organic Search,0.0,Australia,Desktop,0.539
U03643,2025-07-27,Referral,4.17,India,Desktop,0.581
U03644,2025-10-20,Email,2.52,USA,Desktop,0.554
U03645,2025-09-29,Paid Search,39.64,Germany,Desktop,0.508
U03646,2025-09-01,Affiliate,17.83,Brazil,Mobile,0.311
U03647,2025-02-05,Email,1.61,India,Desktop,0.402
U03648,2026-04-25,Content/SEO,0.0,UAE,Desktop,0.334
U03649,2025-01-25,Organic Search,0.0,India,Mobile,0.412
U03650,2025-08-24,Email,4.05,UAE,Tablet,0.413
U03651,2025-12-10,Organic Search,0.0,UAE,Mobile,0.251
U03652,2026-01-25,Organic Search,0.0,India,Tablet,0.471
U03653,2025-01-12,Affiliate,32.18,India,Mobile,0.227
U03654,2025-08-13,Content/SEO,0.0,India,Desktop,0.051
U03655,2025-01-23,Organic Search,0.0,USA,Mobile,0.392
U03656,2026-01-01,Paid Search,35.15,USA,Desktop,0.717
U03657,2026-03-13,Organic Search,0.0,USA,Desktop,0.688
U03658,2025-04-19,Referral,1.28,Australia,Desktop,0.524
U03659,2026-03-18,Paid Social,13.96,India,Desktop,0.494
U03660,2025-10-31,Referral,7.44,Germany,Mobile,0.316
U03661,2025-05-30,Referral,0.18,Australia,Mobile,0.32
U03662,2025-09-04,Content/SEO,0.0,USA,Desktop,0.306
U03663,2025-05-17,Content/SEO,0.0,USA,Mobile,0.268
U03664,2025-12-02,Email,5.2,Australia,Mobile,0.593
U03665,2026-06-26,Paid Social,38.9,India,Desktop,0.378
U03666,2026-06-22,Paid Social,12.43,Canada,Desktop,0.15
U03667,2025-11-12,Paid Search,41.58,UK,Mobile,0.401
U03668,2026-06-13,Paid Search,24.14,India,Mobile,0.215
U03669,2025-04-11,Referral,0.0,Canada,Mobile,0.242
U03670,2025-10-01,Referral,0.8,USA,Desktop,0.412
U03671,2026-03-01,Organic Search,0.0,India,Desktop,0.471
U03672,2025-11-04,Referral,8.35,India,Desktop,0.253
U03673,2026-01-04,Paid Search,44.2,Australia,Desktop,0.098
U03674,2026-07-31,Affiliate,28.63,India,Desktop,0.392
U03675,2025-03-14,Referral,2.23,Australia,Desktop,0.278
U03676,2026-03-01,Organic Search,0.0,Germany,Desktop,0.192
U03677,2025-11-27,Email,5.83,Australia,Desktop,0.576
U03678,2025-05-29,Paid Search,40.27,UK,Desktop,0.611
U03679,2025-02-13,Paid Social,24.51,India,Tablet,0.55
U03680,2026-04-23,Paid Social,24.64,Canada,Desktop,0.23
U03681,2025-08-22,Paid Search,11.54,UK,Desktop,0.525
U03682,2026-07-21,Content/SEO,0.0,India,Desktop,0.061
U03683,2025-06-19,Paid Social,18.87,India,Desktop,0.286
U03684,2026-04-12,Paid Search,49.51,Canada,Tablet,0.459
U03685,2025-10-27,Paid Social,38.98,India,Mobile,0.346
U03686,2025-08-01,Organic Search,0.0,India,Mobile,0.751
U03687,2025-11-12,Referral,5.16,USA,Mobile,0.508
U03688,2026-05-11,Content/SEO,0.0,India,Desktop,0.777
U03689,2025-04-21,Paid Search,51.84,USA,Desktop,0.546
U03690,2026-04-07,Paid Search,69.91,Brazil,Mobile,0.416
U03691,2026-06-13,Paid Search,30.27,India,Desktop,0.304
U03692,2026-06-20,Content/SEO,0.0,UK,Desktop,0.507
U03693,2025-01-23,Paid Search,58.83,USA,Desktop,0.441
U03694,2025-11-18,Referral,3.34,UK,Desktop,0.136
U03695,2025-06-30,Organic Search,0.0,Canada,Desktop,0.522
U03696,2026-03-15,Organic Search,0.0,USA,Mobile,0.315
U03697,2026-01-31,Referral,5.69,India,Desktop,0.648
U03698,2026-04-17,Affiliate,16.23,Germany,Desktop,0.494
U03699,2025-03-27,Email,5.01,Australia,Mobile,0.273
U03700,2025-06-14,Paid Social,23.48,India,Desktop,0.745
U03701,2025-04-07,Paid Search,17.63,USA,Tablet,0.216
U03702,2026-01-23,Referral,0.0,Brazil,Desktop,0.162
U03703,2025-05-13,Affiliate,20.38,USA,Mobile,0.577
U03704,2025-10-08,Content/SEO,0.0,India,Desktop,0.549
U03705,2025-05-14,Affiliate,32.13,USA,Mobile,0.343
U03706,2026-04-23,Email,0.06,Australia,Desktop,0.152
U03707,2026-01-24,Organic Search,0.0,USA,Desktop,0.458
U03708,2025-06-21,Paid Search,73.5,India,Mobile,0.325
U03709,2025-03-03,Paid Search,13.96,Canada,Desktop,0.45
U03710,2025-06-18,Paid Social,17.38,Canada,Desktop,0.274
U03711,2026-05-05,Content/SEO,0.0,Canada,Desktop,0.235
U03712,2025-08-07,Referral,2.58,UK,Mobile,0.476
U03713,2026-04-04,Referral,3.61,USA,Desktop,0.193
U03714,2026-05-30,Organic Search,0.0,India,Desktop,0.347
U03715,2026-04-11,Paid Search,57.25,UK,Tablet,0.27
U03716,2026-05-16,Paid Search,23.73,USA,Desktop,0.561
U03717,2026-07-12,Paid Search,20.54,USA,Desktop,0.124
U03718,2025-11-07,Content/SEO,0.0,Australia,Desktop,0.162
U03719,2026-04-26,Referral,11.97,India,Desktop,0.402
U03720,2025-03-01,Affiliate,22.08,USA,Desktop,0.158
U03721,2026-03-30,Paid Search,41.8,India,Desktop,0.557
U03722,2025-04-22,Content/SEO,0.0,USA,Mobile,0.452
U03723,2026-07-11,Referral,0.68,USA,Desktop,0.273
U03724,2026-01-27,Email,6.13,UAE,Mobile,0.785
U03725,2026-07-12,Referral,3.99,India,Desktop,0.187
U03726,2025-08-20,Affiliate,25.16,India,Desktop,0.513
U03727,2025-01-22,Paid Search,46.05,Germany,Desktop,0.436
U03728,2025-09-16,Referral,11.0,USA,Desktop,0.193
U03729,2025-07-16,Paid Social,45.11,UAE,Desktop,0.699
U03730,2026-04-05,Affiliate,24.65,UK,Desktop,0.097
U03731,2025-03-31,Paid Search,34.36,Brazil,Desktop,0.147
U03732,2025-07-23,Referral,0.34,Australia,Desktop,0.297
U03733,2026-05-31,Organic Search,0.0,UAE,Desktop,0.357
U03734,2025-08-31,Organic Search,0.0,USA,Mobile,0.158
U03735,2025-08-30,Content/SEO,0.0,India,Desktop,0.709
U03736,2026-05-02,Content/SEO,0.0,India,Desktop,0.662
U03737,2026-03-01,Paid Search,29.68,India,Desktop,0.21
U03738,2026-07-09,Email,0.0,UAE,Mobile,0.628
U03739,2025-11-17,Paid Search,39.75,UK,Desktop,0.535
U03740,2026-03-25,Email,4.43,India,Desktop,0.101
U03741,2026-06-28,Email,3.2,India,Mobile,0.152
U03742,2025-10-27,Organic Search,0.0,USA,Desktop,0.301
U03743,2025-09-14,Paid Search,60.41,India,Desktop,0.441
U03744,2026-02-11,Email,3.26,India,Mobile,0.747
U03745,2025-08-16,Affiliate,27.97,India,Mobile,0.252
U03746,2026-01-13,Referral,1.25,USA,Desktop,0.313
U03747,2025-04-14,Affiliate,32.57,UK,Mobile,0.295
U03748,2025-05-06,Affiliate,24.08,India,Desktop,0.62
U03749,2025-09-25,Referral,4.57,India,Desktop,0.367
U03750,2026-04-06,Paid Search,37.43,Canada,Mobile,0.583
U03751,2026-06-14,Referral,4.78,UK,Mobile,0.493
U03752,2025-06-09,Email,3.63,USA,Desktop,0.087
U03753,2026-06-18,Email,5.93,USA,Mobile,0.285
U03754,2026-04-24,Affiliate,0.97,India,Desktop,0.173
U03755,2025-09-16,Email,2.98,USA,Desktop,0.31
U03756,2026-05-19,Paid Search,56.11,UK,Tablet,0.184
U03757,2026-07-27,Content/SEO,0.0,UAE,Desktop,0.273
U03758,2025-08-16,Organic Search,0.0,UK,Desktop,0.162
U03759,2025-12-14,Affiliate,19.94,USA,Desktop,0.529
U03760,2026-02-16,Affiliate,17.41,USA,Desktop,0.453
U03761,2026-02-19,Referral,6.31,Australia,Tablet,0.814
U03762,2025-12-09,Email,6.58,USA,Desktop,0.236
U03763,2026-06-01,Paid Search,39.19,Germany,Desktop,0.825
U03764,2026-01-09,Content/SEO,0.0,Germany,Desktop,0.737
U03765,2026-03-02,Organic Search,0.0,India,Mobile,0.837
U03766,2025-10-22,Paid Search,29.91,India,Mobile,0.734
U03767,2026-06-25,Content/SEO,0.0,India,Mobile,0.648
U03768,2026-01-10,Paid Social,29.4,Germany,Desktop,0.336
U03769,2026-05-18,Organic Search,0.0,USA,Desktop,0.532
U03770,2025-12-26,Email,6.28,Canada,Desktop,0.662
U03771,2026-05-16,Organic Search,0.0,India,Desktop,0.075
U03772,2025-09-08,Email,3.55,Canada,Desktop,0.413
U03773,2025-03-05,Organic Search,0.0,Germany,Desktop,0.465
U03774,2025-08-18,Email,3.64,India,Desktop,0.438
U03775,2026-06-22,Paid Search,63.1,USA,Desktop,0.424
U03776,2026-02-01,Content/SEO,0.0,Germany,Desktop,0.371
U03777,2026-06-30,Referral,8.87,Canada,Desktop,0.657
U03778,2026-07-17,Paid Search,24.46,USA,Desktop,0.255
U03779,2026-02-17,Paid Search,42.26,USA,Tablet,0.525
U03780,2025-10-23,Organic Search,0.0,UK,Desktop,0.183
U03781,2026-03-24,Paid Social,16.88,USA,Mobile,0.131
U03782,2025-10-17,Referral,6.68,USA,Desktop,0.42
U03783,2025-06-29,Paid Search,30.48,UK,Desktop,0.427
U03784,2026-02-16,Organic Search,0.0,India,Desktop,0.779
U03785,2025-08-05,Paid Search,26.97,Canada,Mobile,0.304
U03786,2025-07-06,Affiliate,29.72,India,Desktop,0.384
U03787,2025-07-06,Organic Search,0.0,India,Desktop,0.542
U03788,2026-04-19,Email,3.23,India,Desktop,0.701
U03789,2026-03-08,Email,2.68,India,Desktop,0.356
U03790,2025-01-23,Paid Social,22.03,USA,Mobile,0.204
U03791,2025-10-06,Organic Search,0.0,UAE,Desktop,0.245
U03792,2026-06-16,Paid Search,44.16,USA,Desktop,0.453
U03793,2026-04-05,Content/SEO,0.0,Canada,Mobile,0.088
U03794,2026-05-14,Paid Search,36.08,India,Mobile,0.664
U03795,2026-01-26,Email,1.95,Australia,Mobile,0.583
U03796,2025-05-06,Content/SEO,0.0,UK,Desktop,0.628
U03797,2025-07-30,Organic Search,0.0,Germany,Desktop,0.304
U03798,2025-05-17,Organic Search,0.0,India,Desktop,0.527
U03799,2025-09-14,Paid Social,31.93,UK,Mobile,0.268
U03800,2026-05-26,Email,1.49,UAE,Desktop,0.506
U03801,2026-08-05,Referral,8.94,USA,Desktop,0.27
U03802,2025-02-04,Content/SEO,0.0,Germany,Mobile,0.589
U03803,2026-06-02,Paid Search,25.86,Germany,Desktop,0.877
U03804,2026-03-01,Organic Search,0.0,UK,Desktop,0.58
U03805,2026-04-27,Organic Search,0.0,USA,Mobile,0.198
U03806,2026-02-22,Organic Search,0.0,Brazil,Desktop,0.455
U03807,2025-07-21,Organic Search,0.0,USA,Desktop,0.527
U03808,2026-07-04,Referral,6.33,India,Desktop,0.188
U03809,2026-05-31,Content/SEO,0.0,India,Mobile,0.382
U03810,2026-01-15,Organic Search,0.0,USA,Desktop,0.588
U03811,2026-02-25,Organic Search,0.0,UK,Desktop,0.525
U03812,2025-07-25,Paid Social,23.17,UK,Desktop,0.784
U03813,2025-04-16,Email,4.41,USA,Mobile,0.307
U03814,2025-09-14,Content/SEO,0.0,USA,Mobile,0.13
U03815,2026-02-22,Referral,3.71,India,Desktop,0.227
U03816,2026-05-16,Content/SEO,0.0,UK,Desktop,0.243
U03817,2025-03-15,Organic Search,0.0,India,Desktop,0.777
U03818,2026-07-28,Affiliate,34.71,USA,Mobile,0.084
U03819,2026-05-14,Paid Search,39.74,USA,Desktop,0.747
U03820,2026-03-31,Paid Search,38.39,India,Tablet,0.083
U03821,2026-01-23,Affiliate,15.91,India,Desktop,0.235
U03822,2025-04-09,Affiliate,11.99,India,Desktop,0.42
U03823,2026-04-01,Organic Search,0.0,India,Desktop,0.362
U03824,2026-07-02,Affiliate,37.52,India,Mobile,0.168
U03825,2026-03-25,Paid Social,21.66,USA,Mobile,0.824
U03826,2026-01-18,Content/SEO,0.0,USA,Desktop,0.507
U03827,2025-11-13,Paid Search,57.58,UK,Desktop,0.075
U03828,2025-03-16,Paid Search,33.43,UK,Desktop,0.707
U03829,2025-05-28,Organic Search,0.0,USA,Mobile,0.245
U03830,2025-06-23,Content/SEO,0.0,Australia,Desktop,0.594
U03831,2026-01-18,Organic Search,0.0,UAE,Tablet,0.292
U03832,2025-05-15,Referral,5.53,Canada,Mobile,0.487
U03833,2026-05-08,Paid Search,31.43,Brazil,Desktop,0.277
U03834,2026-02-26,Email,4.33,India,Desktop,0.576
U03835,2025-09-25,Paid Search,52.99,India,Mobile,0.637
U03836,2025-08-20,Paid Social,37.46,India,Desktop,0.501
U03837,2026-05-15,Paid Social,50.46,Canada,Desktop,0.073
U03838,2025-08-16,Affiliate,20.24,India,Mobile,0.444
U03839,2026-03-18,Affiliate,13.03,Canada,Desktop,0.657
U03840,2026-05-26,Content/SEO,0.0,USA,Mobile,0.306
U03841,2025-11-28,Paid Search,37.97,India,Desktop,0.092
U03842,2026-02-12,Content/SEO,0.0,India,Desktop,0.277
U03843,2025-07-05,Organic Search,0.0,USA,Desktop,0.344
U03844,2026-04-29,Email,4.23,USA,Desktop,0.441
U03845,2025-06-07,Paid Search,26.15,India,Mobile,0.148
U03846,2025-07-20,Paid Social,25.51,UAE,Desktop,0.156
U03847,2025-12-12,Referral,4.96,Germany,Mobile,0.093
U03848,2025-01-19,Paid Social,42.1,USA,Desktop,0.324
U03849,2025-08-16,Paid Search,24.56,USA,Mobile,0.631
U03850,2026-03-12,Paid Search,57.94,India,Mobile,0.429
U03851,2026-02-12,Organic Search,0.0,USA,Mobile,0.379
U03852,2026-07-31,Paid Search,37.18,Canada,Desktop,0.418
U03853,2025-07-08,Organic Search,0.0,USA,Desktop,0.31
U03854,2025-10-16,Organic Search,0.0,USA,Desktop,0.367
U03855,2026-07-02,Referral,7.05,Canada,Desktop,0.265
U03856,2026-04-04,Paid Social,22.3,USA,Desktop,0.329
U03857,2025-03-27,Content/SEO,0.0,USA,Mobile,0.233
U03858,2025-06-13,Content/SEO,0.0,India,Mobile,0.435
U03859,2026-02-08,Email,2.12,India,Mobile,0.236
U03860,2025-01-18,Organic Search,0.0,India,Desktop,0.207
U03861,2026-05-31,Paid Search,26.04,Germany,Mobile,0.321
U03862,2025-07-16,Paid Search,19.07,Canada,Desktop,0.475
U03863,2025-06-29,Organic Search,0.0,India,Desktop,0.706
U03864,2025-04-19,Paid Social,15.38,USA,Desktop,0.268
U03865,2025-03-30,Email,6.56,India,Desktop,0.302
U03866,2025-06-05,Paid Social,32.22,USA,Desktop,0.607
U03867,2025-03-13,Content/SEO,0.0,Canada,Desktop,0.549
U03868,2025-12-03,Referral,5.77,UK,Mobile,0.596
U03869,2025-06-18,Referral,1.37,UAE,Mobile,0.163
U03870,2026-02-07,Paid Social,9.29,Canada,Mobile,0.798
U03871,2025-09-23,Organic Search,0.0,Brazil,Desktop,0.436
U03872,2026-06-25,Affiliate,23.2,Canada,Mobile,0.114
U03873,2025-10-09,Paid Social,40.37,USA,Desktop,0.411
U03874,2025-10-21,Email,5.55,Canada,Mobile,0.095
U03875,2026-07-23,Organic Search,0.0,Germany,Desktop,0.486
U03876,2025-10-25,Paid Social,6.61,Germany,Mobile,0.34
U03877,2025-09-29,Paid Social,33.53,USA,Desktop,0.888
U03878,2025-07-24,Organic Search,0.0,Australia,Desktop,0.181
U03879,2026-05-07,Paid Search,29.66,India,Desktop,0.599
U03880,2026-03-07,Paid Search,44.51,Germany,Desktop,0.592
U03881,2026-06-13,Paid Social,30.49,Germany,Mobile,0.435
U03882,2026-04-30,Referral,8.3,India,Mobile,0.483
U03883,2025-04-23,Email,6.26,USA,Mobile,0.593
U03884,2025-04-29,Organic Search,0.0,USA,Desktop,0.574
U03885,2025-10-13,Referral,5.32,Australia,Mobile,0.452
U03886,2025-11-24,Paid Social,16.48,UAE,Desktop,0.68
U03887,2025-07-05,Paid Search,40.32,USA,Desktop,0.46
U03888,2026-08-04,Paid Search,42.55,India,Desktop,0.134
U03889,2026-03-02,Affiliate,27.82,USA,Desktop,0.517
U03890,2026-05-19,Organic Search,0.0,Brazil,Desktop,0.511
U03891,2026-02-08,Email,3.73,India,Desktop,0.178
U03892,2026-03-10,Content/SEO,0.0,Canada,Desktop,0.357
U03893,2025-05-17,Paid Social,31.64,India,Desktop,0.614
U03894,2025-09-04,Paid Search,23.4,Australia,Desktop,0.237
U03895,2026-04-03,Organic Search,0.0,Brazil,Mobile,0.074
U03896,2026-04-26,Organic Search,0.0,Canada,Desktop,0.482
U03897,2025-01-29,Paid Social,16.06,UK,Mobile,0.52
U03898,2026-04-08,Paid Search,43.92,USA,Tablet,0.163
U03899,2025-11-07,Content/SEO,0.0,India,Desktop,0.431
U03900,2025-12-11,Organic Search,0.0,India,Desktop,0.186
U03901,2025-09-07,Content/SEO,0.0,India,Mobile,0.951
U03902,2025-12-23,Paid Search,50.88,UAE,Mobile,0.162
U03903,2025-12-25,Paid Social,18.7,Australia,Desktop,0.336
U03904,2025-03-14,Affiliate,22.49,USA,Mobile,0.642
U03905,2025-04-10,Paid Search,29.92,India,Tablet,0.224
U03906,2026-05-29,Paid Search,39.37,Germany,Desktop,0.273
U03907,2026-02-21,Organic Search,0.0,USA,Desktop,0.061
U03908,2026-04-14,Organic Search,0.0,USA,Mobile,0.583
U03909,2025-11-19,Content/SEO,0.0,USA,Mobile,0.592
U03910,2025-05-30,Email,5.47,Germany,Desktop,0.087
U03911,2025-11-02,Paid Social,15.01,USA,Desktop,0.772
U03912,2025-08-05,Affiliate,15.9,UAE,Mobile,0.07
U03913,2025-10-24,Content/SEO,0.0,USA,Mobile,0.721
U03914,2025-11-12,Organic Search,0.0,USA,Desktop,0.142
U03915,2025-10-05,Paid Search,33.19,UK,Mobile,0.091
U03916,2025-11-02,Paid Search,29.44,India,Mobile,0.12
U03917,2026-03-22,Paid Search,26.32,Brazil,Desktop,0.437
U03918,2025-09-20,Email,1.22,Brazil,Desktop,0.225
U03919,2026-06-17,Paid Search,11.15,UK,Desktop,0.272
U03920,2026-05-29,Organic Search,0.0,USA,Mobile,0.201
U03921,2026-04-21,Organic Search,0.0,UAE,Desktop,0.67
U03922,2025-05-19,Paid Social,45.88,UAE,Mobile,0.116
U03923,2025-11-23,Paid Social,47.52,USA,Desktop,0.18
U03924,2025-10-07,Referral,1.58,India,Desktop,0.317
U03925,2025-11-09,Email,2.01,USA,Mobile,0.374
U03926,2025-01-31,Paid Search,34.01,UK,Mobile,0.257
U03927,2026-03-24,Paid Social,28.36,Canada,Mobile,0.578
U03928,2025-10-15,Organic Search,0.0,USA,Desktop,0.487
U03929,2025-07-03,Affiliate,22.27,USA,Desktop,0.207
U03930,2026-07-13,Organic Search,0.0,India,Mobile,0.637
U03931,2025-07-06,Organic Search,0.0,USA,Desktop,0.416
U03932,2026-06-11,Referral,5.31,India,Tablet,0.491
U03933,2025-06-02,Referral,3.37,India,Desktop,0.627
U03934,2025-08-30,Email,2.49,Canada,Desktop,0.315
U03935,2025-10-09,Paid Social,21.66,Germany,Desktop,0.61
U03936,2026-04-19,Affiliate,8.74,USA,Mobile,0.36
U03937,2026-02-13,Paid Search,24.97,USA,Desktop,0.288
U03938,2026-06-01,Organic Search,0.0,USA,Desktop,0.073
U03939,2025-07-19,Content/SEO,0.0,USA,Desktop,0.349
U03940,2026-07-13,Referral,4.33,India,Desktop,0.543
U03941,2026-06-09,Referral,4.4,Australia,Desktop,0.46
U03942,2025-07-11,Paid Social,43.26,USA,Mobile,0.814
U03943,2026-04-09,Paid Social,31.09,USA,Desktop,0.689
U03944,2025-09-26,Content/SEO,0.0,Brazil,Desktop,0.553
U03945,2026-03-17,Email,4.37,USA,Mobile,0.206
U03946,2025-12-07,Paid Social,27.48,UK,Mobile,0.348
U03947,2026-06-20,Referral,4.19,India,Desktop,0.483
U03948,2026-02-25,Organic Search,0.0,India,Mobile,0.105
U03949,2026-07-02,Affiliate,16.03,USA,Desktop,0.789
U03950,2026-02-23,Paid Social,13.23,USA,Desktop,0.398
U03951,2025-12-16,Paid Search,29.25,Brazil,Desktop,0.325
U03952,2026-01-19,Paid Social,33.77,UAE,Desktop,0.54
U03953,2025-04-19,Email,0.0,India,Desktop,0.466
U03954,2025-09-24,Affiliate,15.81,UAE,Desktop,0.685
U03955,2025-12-30,Email,5.3,USA,Desktop,0.235
U03956,2025-11-04,Content/SEO,0.0,India,Desktop,0.69
U03957,2026-06-06,Organic Search,0.0,Australia,Desktop,0.523
U03958,2025-06-23,Content/SEO,0.0,India,Desktop,0.293
U03959,2026-04-08,Affiliate,17.03,UK,Desktop,0.326
U03960,2025-02-28,Organic Search,0.0,USA,Mobile,0.485
U03961,2025-01-11,Referral,3.28,Australia,Mobile,0.328
U03962,2026-01-17,Organic Search,0.0,UAE,Desktop,0.463
U03963,2025-10-10,Email,0.0,USA,Tablet,0.577
U03964,2025-09-03,Affiliate,18.29,USA,Mobile,0.535
U03965,2025-09-02,Affiliate,21.75,Brazil,Desktop,0.567
U03966,2026-06-17,Organic Search,0.0,Brazil,Desktop,0.186
U03967,2026-03-11,Paid Search,21.26,UK,Desktop,0.611
U03968,2026-05-29,Affiliate,27.81,UK,Tablet,0.186
U03969,2026-04-17,Organic Search,0.0,India,Desktop,0.251
U03970,2025-11-11,Email,4.44,Canada,Mobile,0.355
U03971,2025-03-29,Affiliate,30.63,USA,Mobile,0.818
U03972,2025-09-01,Referral,6.4,India,Desktop,0.173
U03973,2025-09-11,Email,3.77,USA,Tablet,0.403
U03974,2025-05-05,Paid Search,27.99,Brazil,Desktop,0.639
U03975,2025-09-24,Content/SEO,0.0,UAE,Desktop,0.499
U03976,2026-07-20,Paid Social,20.86,Germany,Mobile,0.613
U03977,2025-04-14,Organic Search,0.0,USA,Desktop,0.566
U03978,2025-08-27,Organic Search,0.0,UK,Desktop,0.103
U03979,2025-07-31,Referral,3.2,USA,Desktop,0.166
U03980,2025-12-10,Content/SEO,0.0,India,Desktop,0.061
U03981,2025-11-13,Affiliate,15.25,Brazil,Desktop,0.6
U03982,2026-02-04,Paid Search,17.13,UAE,Desktop,0.435
U03983,2026-04-14,Email,3.64,USA,Desktop,0.654
U03984,2025-07-09,Referral,2.89,Brazil,Mobile,0.787
U03985,2025-09-03,Content/SEO,0.0,Canada,Desktop,0.271
U03986,2025-09-26,Organic Search,0.0,UAE,Desktop,0.388
U03987,2026-03-25,Referral,5.44,India,Mobile,0.878
U03988,2025-08-15,Referral,6.79,Australia,Tablet,0.221
U03989,2025-07-08,Paid Social,11.58,UK,Mobile,0.045
U03990,2026-01-13,Paid Search,14.52,Canada,Desktop,0.597
U03991,2025-04-23,Paid Search,39.46,India,Desktop,0.56
U03992,2025-12-10,Email,4.92,UAE,Desktop,0.209
U03993,2025-04-08,Organic Search,0.0,Australia,Desktop,0.181
U03994,2026-01-24,Paid Social,28.24,UK,Mobile,0.346
U03995,2026-01-10,Organic Search,0.0,Canada,Mobile,0.259
U03996,2025-07-18,Referral,5.93,Australia,Desktop,0.352
U03997,2026-04-15,Paid Social,22.0,Brazil,Desktop,0.773
U03998,2025-08-27,Referral,4.57,UK,Mobile,0.478
U03999,2025-01-17,Affiliate,8.97,UK,Desktop,0.164
U04000,2025-03-20,Content/SEO,0.0,India,Mobile,0.69
